COMP,sensor,n,median,mad,iqr,std,scale,scale_method,abs_z_threshold,quantile
0.0,TP2,13031,9.392,0.5820000000000007,1.177999999999999,1.8184220569764937,0.862873200000001,MAD,10.900790521712795,0.999
0.0,TP3,13031,9.106,0.5719999999999992,1.1560000000000006,0.6598235348536091,0.8480471999999988,MAD,1.7899947078417366,0.999
0.0,H1,13031,-0.0139999999999993,0.004000000000001299,0.008000000000002599,0.3727279289345391,0.005930400000001926,MAD,1249.7740455951607,0.999
0.0,DV_pressure,13031,-0.0180000000000006,0.002000000000002399,0.004000000000001301,0.09263328051345687,0.002965200000003557,MAD,3.372453797379436,0.999
0.0,Reservoirs,13031,9.106,0.5719999999999992,1.154,0.6587812840167007,0.8480471999999988,MAD,1.7988621388054715,0.999
0.0,Oil_temperature,13031,55.175,1.9250000000000043,3.8499999999999943,3.503123188610254,2.854005000000006,MAD,6.1139521479464625,0.999
0.0,Motor_current,13031,6.005000000000001,0.125,0.2550000000000008,0.3249715931222735,0.185325,MAD,8.25050586806949,0.999
1.0,TP2,201819,-0.0120000000000004,0.0019999999999989002,0.002000000000002399,0.18555098315626412,0.0029651999999983692,MAD,77.81195197630186,0.999
1.0,TP3,201819,8.928,0.4540000000000006,0.9120000000000008,0.543775307374065,0.6731004000000009,MAD,1.7709096592425093,0.999
1.0,H1,201819,8.912,0.45399999999999885,0.9100000000000001,0.5530538878520408,0.6731003999999983,MAD,1.7917089337638228,0.999
1.0,DV_pressure,201819,-0.0180000000000006,0.001999999999998902,0.004000000000001301,0.10551915090461242,0.002965199999998372,MAD,44.63914744370537,0.999
1.0,Reservoirs,201819,8.93,0.4540000000000006,0.911999999999999,0.5432819848431463,0.6731004000000009,MAD,1.770909659242512,0.999
1.0,Oil_temperature,201819,56.69999999999999,1.9750000000000227,4.0,3.389305741474941,2.9281350000000335,MAD,5.062949624931849,0.999
1.0,Motor_current,201819,0.0375000000000005,0.0024999999999995026,0.004999999999999005,1.6049839786736635,0.0037064999999992625,MAD,1087.2791042764873,0.999
