row_id,equipment_id,textual_ids,identity_status,problem_text,action_text,reviewed_identity,evidence,reviewer
5057,P-425,P-302,discordant_mentions,"Centrifugal Pump P-302 six-monthly planned maintenance. Bearing inspection, mechanical seal check and coupling alignment verification.",Inspect bearing condition and clearances. Replenish grease per lubrication schedule Mobil SHC 220. Check coupling alignment. Verify seal flush flow rate. Update maintenance record.,,,
44444,R-212,R-201,discordant_mentions,Reactor R-201 jacket leak confirmed. Pressure decay test failed on zone 224 at 3.1 bar.,Identify leak location on jacket weld seam using nitrogen pressure test. Weld repair by certified welder. Post weld heat treat if required. Retest at 1.5x design pressure.,,,
28692,UF-039,UF-02,discordant_mentions,Ultrafiltration Unit UF-02 quarterly membrane integrity test and chemical clean.,Perform air pressure decay integrity test on all modules. Record results. Chemical clean with citric acid and sodium hypochlorite per SOP. Re-test flux after cleaning.,,,
22380,GS-116,GS-01,discordant_mentions,Gas Scrubber GS-01 high H2S outlet alarm 124 ppm. Scrubbing efficiency loss. Chemical depletion.,Increase caustic dosing rate. Check pH of scrubbing liquor. Top up caustic tank. Inspect spray nozzles for wear and blockage. Replace nozzles if worn. Verify outlet H2S after adjustment.,,,
18157,K-107,K-01,discordant_mentions,Compressor K-01 high vibration trip. NDE bearing vibration 253.0 mm/s peak.,Replace NDE bearing. Check shaft alignment. Inspect labyrinth seals. Rebalance rotor if indicated. Run up on no-load and verify vibration levels.,,,
3712,P-261,P-202,discordant_mentions,Centrifugal Pump P-202 cavvitating intermittently. Suction pressure 260.10 bar below minimum NPSH required.,Check suction strainer differential pressure. Clean strainer basket. Verify suction vessel level. Adjust operating point to restore positive NPSH.,,,
12842,DRY-107,DRY-101,discordant_mentions,Dryer DRY-101 six-monthly steam trap inspection and condenser cleaning.,Test all steam traps for correct operation. Replace failed traps. Clean condenser coils. Check vacuum pump condition. Verify all instruments are calibrated.,,,
21305,P-226,P-101,discordant_mentions,Centrifugal Pump P-101 bearing temperature high alarm drive end. Temperature 114 degC above baseline.,Remove bearing housing end cover. Measure bearing clearance. Replace worn bearing. Re-grease per lubrication schedule. Monitor temperature for 2 hours post start.,,,
26378,EV-073,EV-01,discordant_mentions,Evaporator EV-01 annual evaporator cleaning and tube inspection.,Drain and clean heating tubes with EDTA solution. Inspect tube bundle using eddy current testing. Replace any thinned tubes. Pressure test. Update inspection records.,,,
28063,HP-010,HP-01,discordant_mentions,Hydraulic Press HP-01 hydraulic oil leak from cylinder rod seal. Estimated 134.3 L/h.,Depressurise hydraulic circuit fully. Replace cylinder rod seal and wiper ring. Inspect rod surface for scoring. Hone rod if minor scoring. Refill oil to correct level. Leak test at operating pressure.,,,
20942,M-107,M-04,discordant_mentions,Motor M-04 six-monthly insulation resistance test and bearing grease replenishment.,IR test all three phases and record. Grease drive end and non-drive end bearings per lubrication schedule. Check terminal connections for heat damage. Document results.,,,
30451,CT-1118,CT-01,discordant_mentions,Cooling Tower CT-01 high conductivity alarm 220 uS/cm. Blowdown valve failed closed.,Manually open blowdown valve to flush system. Inspect valve actuator and replace if faulty. Verify automatic blowdown control loop functioning. Check water treatment dosing.,,,
28205,DC-124,DC-01,discordant_mentions,Distillation Column DC-01 reboiler steam control valve CV failure. Valve stuck at 56% open.,Isolatе cοntrol vаlve. Remove aсtuator and рositioner. Disassemble valve body. Inspеct seаt аnd plug for erοsion. Reрlacе trim if worn. Cаlibrate pοsitioner аnd stroke test.,,,
34089,TK-057,TK-01,discordant_mentions,Storage Tank TK-01 annual calibration of all level and temperature instruments.,Calibrate all level transmitters against certified reference. Check temperature sensor accuracy. Verify high level alarm setpoints. Update calibration records.,,,
36353,DC-126,DC-01,discordant_mentions,Distillation Column DC-01 annual reboiler and condenser inspection.,Open reboiler bundle. Eddy current tube inspection. Replace damaged tubes. Clean condenser tubes. Pressure test both vessels. Update inspection records.,,,
6719,K-115,K-03,discordant_mentions,"Compressor K-03 annual overhaul per OEM schedule. Valve inspection, oil change and performance test.",Disassemble suction and discharge valve assemblies. Replace valve plates and springs. Change lube oil and filters. Check coupling and alignment. Performance test.,,,
41656,CV-215,CV-201,discordant_mentions,Belt Conveyor CV-201 annual gearbox oil change and drive inspection.,Drain gearbox. Replace oil with approved grade. Inspect coupling and guard condition. Check brake adjustment. Verify all safety switches and interlocks operational.,,,
7674,TK-131,TK-03,discordant_mentions,Storage Tank TK-03 level transmitter LT failure. Reading stuck at 86% suspect impulse line blockage.,Isolate and remove level transmitter. Blow down impulse lines. Clean displacer float. Bench calibrate. Reinstall and verify reading against dip measurement.,,,
17771,SEP-073,SEP-01,discordant_mentions,Separator SEP-01 liquid dump valve failing to open. Liquid accumulation in vessel.,Isolate dump valve. Remove actuator. Inspect valve body for erosion and debris. Replace seat and trim. Actuator service. Stroke test under pressure. Verify automatic control.,,,
3988,EV-061,EV-02,discordant_mentions,Evaporator EV-02 product carryover into condenser. Entrainment separator fouled.,Remove and clean entrainment separator mesh pads. Inspect for damage. Replace if mesh is blocked or torn. Verify separator performance post cleaning.,,,
46785,P-401,P-401,matching_only,Centrifugal Pump P-401 motor current increasing trend. Current draw 12.4 A versus baseline 147.5 A. Possible internal wear.,Inspect impeller and wear rings for erosion. Measure internal clearances. Replace worn components. Re-test performance at duty conditions.,,,
23437,M-04,M-04,matching_only,Motor M-04 annual motor inspection including terminal box and cooling fan check.,Inspect terminal box for moisture ingress and loose connections. Clean cooling fins and fan guard. Check mounting bolts. Verify earthing continuity. Test run and measure current balance.,,,
20047,P-102,P-102,matching_only,Centrifugal Pump P-102 high vibration alarm on drive end bearing. Amplitude 141.1 mm/s RMS exceeding trip setpoint.,"Isolate pump, drain casing, disassemble bearing housing. Replace drive end bearing NU2316. Realign coupling to within 0.05mm TIR. Functional test at duty point.",,,
20310,DOS-03,DOS-03,matching_only,Dosing Pump DOS-03 annual calibration and flow verification.,Calibrate dosing pump using certified flow measurement method. Verify actual versus setpoint flow across operating range. Adjust if outside tolerance. Document calibration results.,,,
14682,HX-03,HX-03,matching_only,Heat Exchanger HX-03 differential pressure high alarm. Tube side pressure drop 212.00 bar versus clean baseline 100.30 bar.,Isolate and drain tube side. Hydroblast tube bundle to remove fouling deposit. Inspect tube wall thickness using eddy current testing. Reassemble and pressure test.,,,
49414,TK-05,TK-05,matching_only,"Storage Tank TK-05 API 653 internla inspection. Floor, shell and roof condition assessment.",Drain and gas free tank. Internal inspection per API 653. Measure floor plate thickness using UT. Inspect shell for corrosion. Check annular plates. Write inspection report.,,,
5010,GS-01,GS-01,matching_only,Gas Scrubber GS-01 high differential pressure alarm 91 mbar. Packing section flooding suspected.,Reduce gas flow rate to resolve flooding. Inspect liquid distribution nozzles for blockage. Clean packing. Verify liquid-to-gas ratio within design envelope. Investigate cause of flooding.,,,
763,CV-101,CV-101,matching_only,Belt Conveyor CV-101 blocked chute. Material buildup causing belt overload trip.,Clear chute blockage. Inspect chute liner wear. Replace worn liner plates. Investigate root cause of blockage. Adjust belt speed or chute geometry if required.,,,
23098,FCC-02,FCC-02,matching_only,Fluid Catalytic Cracker FCC-02 standpipe pluggage event. Catalyst circulation lost.,Implement catalyst aeration procedure to restore standpipe flow. Inspect aeration taps for blockage. Clear any aeration line pluggage. Monitor catalyst density profile after recovery.,,,
643,FCC-02,FCC-02,matching_only,Fluid Catalytic Cracker FCC-02 planned turnaround. Regenerator and reactor internal inspection.,"Full turnaround inspection of regenerator cyclones, reactor riser and stripper internals. Replace worn refractory. Inspect all slide valves. Replace catalyst addition and withdrawal systems.",,,
10625,CF-02,CF-02,matching_only,Centrifuge CF-02 basket screen failure. Product fines in filtrate above specification.,Remove basket. Replace damaged screen panel. Inspect basket welds. Reassemble and perform integrity test with water. Verify filtrate quality before restarting production.,,,
49341,P-202,P-202,matching_only,Centrifugal Pump P-202 mechanical seal failure. Product leakage observed at gland area estimated 296.1 L/h.,"Replace complete mechanical seal cartridge. Flush seal chamber, pressure test at 11.3 bar. Return to service and monitor seal flush flow.",,,
17270,GS-101,GS-101,matching_only,Gas Scrubber GS-101 six-monthly sump inspection and recirculation pump service.,Drain and inspect sump for sediment and corrosion. Clean sump. Service recirculation pump. Replace mechanical seal. Clean recirculation strainer. Refill and verify liquid distribution.,,,
30215,K-201,K-201,matching_only,Compressor K-201 lube oil analysis shows elevated iron particles 122 ppm. Bearing wear suspected.,Inspect bearings and journal surfaces. Replace worn bearings. Flush and refill lube oil system. Repeat oil analysis after 200 hours runtime.,,,
9491,M-03,M-03,matching_only,Motor M-03 six-monthly insulation resistance test and bearing grease replenishment.,IR test all three phases and record. Grease drive end and non-drive end bearings per lubrication schedule. Check terminal connections for heat damage. Document results.,,,
27560,EV-101,EV-101,matching_only,Evaporator EV-101 six-monthly vacuum pump service and oil change.,Drain vacuum pump oil. Inspect pump internals for wear. Replace shaft seal. Refill with correct oil grade. Run up and verify vacuum level achieved.,,,
1575,SC-02,SC-02,matching_only,Screw Conveyor SC-02 end bearing failure. Screw shaft vibration detected.,Remove end bearing housing. Replace worn bearing. Inspect shaft journal for scoring. Check shaft alignment. Grease bearing per lubrication schedule. Trial run before loading.,,,
21369,DOS-03,DOS-03,matching_only,Dosing Pump DOS-03 six-monthly diaphragm replacement and valve inspection.,Replace dosing diaphragm as preventive measure. Inspect suction and discharge valves. Replace worn valve components. Flush dosing head. Calibrate stroke and verify flow rate.,,,
8896,F-01,F-01,matching_only,Filter F-01 quarterly filter housing inspection and O-ring check.,Inspect O-ring condition and housing sealing surfaces. Replace O-ring as precautionary measure. Pressure test housing. Verify differential pressure indication.,,,
17112,P-501,P-501,matching_only,"Centrifugal Pump P-501 six-monthly planned maintenance. Bearing inspection, mechanical seal check and coupling alignment verification.",Inspect bearing condition and clearances. Replenish grease per lubrication schedule Total Carter EP 220. Check coupling alignment. Verify seal flush flow rate. Update maintenance record.,,,
20092,SEP-02,LT-209 | SEP-02,matching_with_other_mentions,Sepаratοr SEP-02 interface lеvеl control erratiс. LT-209 suspected fouling on displaсer.,Remove level transmitter. Clean displacer float. Calibrate instrument using water column. Replace isolation valves on bridle if passing. Reinstall and verify control response.,,,
2679,,P-301,missing_structured_id,Centrifugal Pump P-301 vibration trending upward over 30 days. Broadband velocity 18.4 mm/s. Bearing defect frequency identified in spectrum.,Vibration analysis confirms bearing fault. Replace drive end bearing proactively. Re-baseline vibration signature after repair.,,,
24284,,TK-102,missing_structured_id,"Storage Tank TK-102 API 653 internal inspection. Floor, shell and roof condition assessment.",Drain and gas free tank. Internal inspection per API 653. Measure floor plate thickness using UT. Inspect shell for corrosion. Check annular plates. Write inspection report.,,,
1568,,P-601,missing_structured_id,Centrifugal Pump P-601 quarterly lubrication service. Bearing grease replenishment and vibration baseline measurement.,Grease drive end and non-drive end bearings. Measure and record vibration signature. Check motor current at duty point. Inspect coupling spider for wear.,,,
20783,,M-08,missing_structured_id,Motor M-08 VFD overcurrent fault. Drive tripped on F0002 at 296.4 A.,Check VFD parameters and fault log. Inspect motor terminal connections. Megger test windings. Check encoder feedback signal. Clear fault and trial run under reduced load.,,,
1929,,BLR-101,missing_structured_id,Boiler BLR-101 feedwater pump failure. Loss of boiler feed. Emergency shutdown initiated.,Start standby feedwater pump. Investigate duty pump failure. Replace mechanical seal and bearings on duty pump. Test duty pump before returning to service.,,,
21321,,DC-01,missing_structured_id,Distillation Column DC-01 reboiler steam control valve CV failure. Valve stuck at 56% open.,Isolate control valve. Remove actuator and positioner. Disassemble valve body. Inspect seat and plug for erosion. Replace trim if worn. Calibrate positioner and stroke test.,,,
25710,,FCC-02,missing_structured_id,Fluid Catalytic Cracker FCC-02 planned turnaround. Regenerator and reactor internal inspection.,"Full turnaround inspection of regenerator cyclones, reactor riser and stripper internals. Replace worn refractory. Inspect all slide valves. Replace catalyst addition and withdrawal systems.",,,
40364,,HV-01,missing_structured_id,HVAC Unit HV-01 HEPA filter differential pressure high-high alarm. DP 291 Pa. Cleanroom qualification at risk.,Isolate HVAC unit. Replace HEPA filter cassette. Seal integrity test with particle counter. Verify room pressure recovery. Document in GxP qualification record.,,,
7383,,P-101,missing_structured_id,Centrifugal Pump P-101 vibration trending upward over 30 days. Broadband velocity 265.4 mm/s. Bearing defect frequency identified in spectrum.,Vibration analysis confirms bearing fault. Replace drive end bearing proactively. Re-baseline vibration signature after repair.,,,
33199,,TK-04,missing_structured_id,Storage Tank TK-04 roof drain blockage causing water ingress to product.,Clear roof drain blockage. Inspect drain seal condition. Replace corroded drain fitting. Verify drain flow rate post repair.,,,
35601,,TK-101,missing_structured_id,Storage Tank TK-101 outlet valve passing. Confirmed by downstream flow with valve closed.,Isolate valve. Disassemble. Inspect seat and ball/gate for erosion. Lap seat if minor damage. Replace valve internals if worn beyond tolerance.,,,
2185,,CF-01,missing_structured_id,Centrifuge CF-01 annual full overhaul including spindle bearing replacement.,"Full disassembly. Replace spindle bearings. Inspect basket for fatigue cracks. Replace all seals. Reassemble, balance basket, and perform no-load and loaded test run.",,,
9665,,K-201,missing_structured_id,Compressor K-201 low lube oil pressure alarm. Oil pressure 201.70 bar below minimum. Unit tripped.,Drain and inspect lube oil system. Replace oil filter cartridges. Check oil pump relief valve. Refill with approved oil grade. Run up and verify pressure.,,,
39894,,P-202,missing_structured_id,Centrifugal Pump P-202 quarterly lubrication service. Bearing grease replenishment and vibration baseline measurement.,Grease drive end and non-drive end bearings. Measure and record vibration signature. Check motor current at duty point. Inspect coupling spider for wear.,,,
45683,,P-501,missing_structured_id,Centrifugal Pump P-501 motor current increasing trend. Current draw 131.2 A versus baseline 1.8 A. Possible internal wear.,Inspect impeller and wear rings for erosion. Measure internal clearances. Replace worn components. Re-test performance at duty conditions.,,,
42810,,HX-03,missing_structured_id,"Heat Exchanger HX-03 annual inspection. Tube bundle inspection, gasket replacement and pressure test.",Drain and open channel head. Inspect tube sheet and tubes using boroscope. Replace gaskets on both heads. Hydraulic pressure test. Reinstate and commission.,,,
21543,,DRY-101,missing_structured_id,Dryer DRY-101 six-monthly steam trap inspection and condenser cleaning.,Test all steam traps for correct operation. Replace failed traps. Clean condenser coils. Check vacuum pump condition. Verify all instruments are calibrated.,,,
32544,,F-201,missing_structured_id,Filter F-201 differential pressure high-high alarm. DP 265.20 bar. Cartridges blocked. Production stopped.,Isolate filter. Drain housing. Remove and replace all 1 filter cartridges with grade 0.2 micron. Inspect housing for damage. Reassemble and pressure test.,,,
40648,,HX-04,missing_structured_id,Heat Exchanger HX-04 six-monthly fouling inspection based on duty criticality.,Measure differential pressure and calculate fouling factor. If above threshold clean tube bundle. Inspect sacrificial anodes. Document condition in RBI record.,,,
24508,,P-103,missing_structured_id,Centrifugаl Pump P-103 meсhanicаl seаl failure. Produсt leakage observеd аt gland areа estimаted 276.2 L/h.,"Replace complete mechanical seal cartridge. Flush seal chamber, pressure test at 3.7 bar. Return to service and monitor seal flush flow.",,,
33508,HX-094,,no_textual_id,heat exchanger hx-01 differential pressure high alarm. tube side pressure drop 68.50 bar versus clean baseline 157.70 bar.,Isolate and drain tube side. Hydroblast tube bundle to remove fouling deposit. Inspect tube wall thickness using eddy current testing. Reassemble and pressure test.,,,
11565,GT-004,,no_textual_id,,Inspect gas turbine internals via borescope. Identify blade damage or fouling. Compressor wash offline. If blade damage confirmed plan major inspection. Replace DE bearing if worn.,,,
1901,TK-013,,no_textual_id,"storage tank tk-04 api 653 internal inspection. floor, shell and roof condition assessment.",Drain and gas free tank. Internal inspection per API 653. Measure floor plate thickness using UT. Inspect shell for corrosion. Check annular plates. Write inspection report.,,,
36429,HX-103,,no_textual_id,hEAT eXCHANGER hx-101 OUTLET TEMPERATURE LOW. hEAT TRANSFER COEFFICIENT 29 w/M2k BELOW DESIGN 20 w/M2k.,Chemical clean tube side with sodium hydroxide 5% solution for 4 hours. Flush with demineralised water. Re-baseline heat transfer performance.,,,
28210,CF-026,,no_textual_id,centrifuge cf-02 basket screen failure. product fines in filtrate above specification.,Remove basket. Replace damaged screen panel. Inspect basket welds. Reassemble and perform integrity test with water. Verify filtrate quality before restarting production.,,,
22258,CV-033,,no_textual_id,,Isolate conveyor. Remove drive pulley lagging. Clean pulley surface. Apply new ceramic lagging using approved adhesive. Cure before return to service. Verify belt tension.,,,
20112,DC-094,,no_textual_id,,Open reboiler bundle. Eddy current tube inspection. Replace damaged tubes. Clean condenser tubes. Pressure test both vessels. Update inspection records.,,,
15287,DC-093,,no_textual_id,,Open reboiler bundle. Eddy current tube inspection. Replace damaged tubes. Clean condenser tubes. Pressure test both vessels. Update inspection records.,,,
46862,TK-350,,no_textual_id,,Isolate Valve. Disassemble. Inspect Seat And Ball/Gate For Erosion. Lap Seat If Minor Damage. Replace Valve Internals If Worn Beyond Tolerance.,,,
49135,SC-16,,no_textual_id,,Inspect screw flight wear profile. Measure flight thickness at wear points. Replace screw section if below minimum thickness. Lubricate all bearings. Check seals at inlet and outlet.,,,
13059,SC-047,,no_textual_id,Screw Conveyor Sc-02 Blocked. Motor Overload Trip. Material Compaction In Trough.,Isolate and lockout. Access clean out ports to clear material compaction. Check for foreign material in product. Inspect screw for damage. Verify material properties within design spec.,,,
10841,FCC-028,,no_textual_id,,Implement catalyst aeration procedure to restore standpipe flow. Inspect aeration taps for blockage. Clear any aeration line pluggage. Monitor catalyst density profile after recovery.,,,
42303,AG-204,,no_textual_id,Agitator A-G101 gearbox oil temperature high. Temperature 185 degC above alarm setpoint.,Drain gearbox. Inspect internal gears and bearings for damage. Replace oil. Clean oil cooler if fitted. If bearing damaged replace and refill. Run up and monitor temperature.,,,
42533,HX-068,,no_textual_id,hEAT eXCHANGER hx-01 DIFFERENTIAL PRESSURE HIGH ALARM. tUBE SIDE PRESSURE DROP 68.50 BAR VERSUS CLEAN BASELINE 157.70 BAR.,Isolate and drain tube side. Hydroblast tube bundle to remove fouling deposit. Inspect tube wall thickness using eddy current testing. Reassemble and pressure test.,,,
37804,F-070,,no_textual_id,filter f-01 quarterly filter housing inspection and o-ring check.,Inspect O-ring condition and housing sealing surfaces. Replace O-ring as precautionary measure. Pressure test housing. Verify differential pressure indication.,,,
45075,CV-340,,no_textual_id,,Adjust tail pulley tracking screws to correct belt alignment. Inspect all return rollers for seized bearings causing mistrack. Replace seized rollers. Monitor belt tracking for 2 hours.,,,
47206,HX-117,,no_textual_id,heat exchanger hx-101 outlet temperature low. heat transfer coefficient 29 w/m2k below design 20 w/m2k.,Chеmical clean tubе sidе with sodium hydroxide 5% solution for 4 hours. Flush with demineralised water. Re-basеline heat transfer рerformancе.,,,
30616,CV-132,,no_textual_id,belt conveyor cv-03 blocked chute. material buildup causing belt overload trip.,Clear chute blockage. Inspect chute liner wear. Replace worn liner plates. Investigate root cause of blockage. Adjust belt speed or chute geometry if required.,,,
47308,CV-277,,no_textual_id,,Walk full conveyor length. Inspect belt condition and splices. Replace damaged or seized idler rollers. Check belt tension. Lubricate all grease points. Test emergency pull cord.,,,
37862,P-106,,no_textual_id,"centrifugal pump p-101 six-monthly planned maintenance. bearing inspection, mechanical seal check and coupling alignment verification.",Inspect bearing condition and clearances. Replenish grease per lubrication schedule Castrol Tribol 800. Check coupling alignment. Verify seal flush flow rate. Update maintenance record.,,,
