method,query_id,candidate_id,rank,pair_id
word,40314,44250,1,PAIR_0595
word,40314,46808,2,PAIR_0451
word,40314,28989,3,PAIR_0236
word,40314,48423,4,PAIR_0001
word,40314,10201,5,PAIR_0422
word,40314,36492,6,PAIR_0163
word,40314,21493,7,PAIR_0790
word,40314,44397,8,PAIR_0213
word,40314,37937,9,PAIR_0756
word,40314,49546,10,PAIR_0556
word,18745,35203,1,PAIR_0736
word,18745,38695,2,PAIR_0412
word,18745,34697,3,PAIR_0465
word,18745,13542,4,PAIR_0115
word,18745,32985,5,PAIR_0798
word,18745,49810,6,PAIR_0632
word,18745,47374,7,PAIR_0610
word,18745,31936,8,PAIR_0491
word,18745,22549,9,PAIR_0721
word,18745,42486,10,PAIR_0699
word,29812,36312,1,PAIR_0219
word,29812,31000,2,PAIR_0535
word,29812,14222,3,PAIR_0322
word,29812,20510,4,PAIR_0348
word,29812,28050,5,PAIR_0434
word,29812,43611,6,PAIR_0195
word,29812,35512,7,PAIR_0498
word,29812,18024,8,PAIR_0801
word,29812,22263,9,PAIR_0695
word,29812,28684,10,PAIR_0345
word,97,5463,1,PAIR_0327
word,97,17809,2,PAIR_0522
word,97,29041,3,PAIR_0099
word,97,28666,4,PAIR_0088
word,97,31847,5,PAIR_0364
word,97,21890,6,PAIR_0128
word,97,30957,7,PAIR_0722
word,97,42126,8,PAIR_0511
word,97,2609,9,PAIR_0315
word,97,3714,10,PAIR_0448
word,25488,37441,1,PAIR_0518
word,25488,38626,2,PAIR_0537
word,25488,28558,3,PAIR_0177
word,25488,39676,4,PAIR_0212
word,25488,15747,5,PAIR_0672
word,25488,45133,6,PAIR_0032
word,25488,39218,7,PAIR_0793
word,25488,41883,8,PAIR_0741
word,25488,41758,9,PAIR_0013
word,25488,28257,10,PAIR_0674
word,49891,16338,1,PAIR_0693
word,49891,15696,2,PAIR_0459
word,49891,33381,3,PAIR_0505
word,49891,14148,4,PAIR_0788
word,49891,12323,5,PAIR_0774
word,49891,17821,6,PAIR_0686
word,49891,31758,7,PAIR_0159
word,49891,31174,8,PAIR_0258
word,49891,42673,9,PAIR_0165
word,49891,38918,10,PAIR_0467
word,13434,49174,1,PAIR_0211
word,13434,12969,2,PAIR_0148
word,13434,25013,3,PAIR_0180
word,13434,41864,4,PAIR_0496
word,13434,33396,5,PAIR_0279
word,13434,7870,6,PAIR_0359
word,13434,44776,7,PAIR_0225
word,13434,3606,8,PAIR_0206
word,13434,46301,9,PAIR_0198
word,13434,1733,10,PAIR_0351
word,5341,47865,1,PAIR_0605
word,5341,21632,2,PAIR_0620
word,5341,32822,3,PAIR_0559
word,5341,21439,4,PAIR_0739
word,5341,12290,5,PAIR_0704
word,5341,13408,6,PAIR_0634
word,5341,31987,7,PAIR_0555
word,5341,3104,8,PAIR_0201
word,5341,37876,9,PAIR_0727
word,5341,23447,10,PAIR_0629
word,37570,7844,1,PAIR_0687
word,37570,48646,2,PAIR_0020
word,37570,21992,3,PAIR_0326
word,37570,28548,4,PAIR_0244
word,37570,44451,5,PAIR_0506
word,37570,24957,6,PAIR_0323
word,37570,43138,7,PAIR_0678
word,37570,11489,8,PAIR_0299
word,37570,36047,9,PAIR_0043
word,37570,26998,10,PAIR_0129
word,4916,44632,1,PAIR_0261
word,4916,38915,2,PAIR_0089
word,4916,39731,3,PAIR_0308
word,4916,37734,4,PAIR_0618
word,4916,44483,5,PAIR_0529
word,4916,41894,6,PAIR_0567
word,4916,24802,7,PAIR_0553
word,4916,3814,8,PAIR_0108
word,4916,21178,9,PAIR_0671
word,4916,9178,10,PAIR_0231
word,26709,22484,1,PAIR_0512
word,26709,32813,2,PAIR_0021
word,26709,46407,3,PAIR_0283
word,26709,49728,4,PAIR_0395
word,26709,21097,5,PAIR_0669
word,26709,12739,6,PAIR_0665
word,26709,2909,7,PAIR_0773
word,26709,6124,8,PAIR_0292
word,26709,14252,9,PAIR_0717
word,26709,36176,10,PAIR_0476
word,46084,18783,1,PAIR_0074
word,46084,691,2,PAIR_0659
word,46084,37958,3,PAIR_0546
word,46084,32789,4,PAIR_0287
word,46084,14624,5,PAIR_0622
word,46084,28656,6,PAIR_0510
word,46084,40797,7,PAIR_0421
word,46084,1847,8,PAIR_0312
word,46084,2948,9,PAIR_0436
word,46084,9089,10,PAIR_0479
word,25805,17193,1,PAIR_0641
word,25805,14848,2,PAIR_0596
word,25805,49417,3,PAIR_0260
word,25805,8457,4,PAIR_0477
word,25805,8655,5,PAIR_0175
word,25805,19148,6,PAIR_0011
word,25805,8081,7,PAIR_0753
word,25805,12768,8,PAIR_0220
word,25805,33125,9,PAIR_0761
word,25805,17102,10,PAIR_0673
word,36716,22484,1,PAIR_0157
word,36716,32813,2,PAIR_0304
word,36716,46407,3,PAIR_0579
word,36716,49728,4,PAIR_0545
word,36716,21097,5,PAIR_0513
word,36716,12739,6,PAIR_0521
word,36716,2909,7,PAIR_0306
word,36716,6124,8,PAIR_0706
word,36716,14252,9,PAIR_0682
word,36716,36176,10,PAIR_0606
word,42835,35426,1,PAIR_0003
word,42835,25748,2,PAIR_0298
word,42835,16886,3,PAIR_0075
word,42835,31743,4,PAIR_0066
word,42835,578,5,PAIR_0624
word,42835,43894,6,PAIR_0284
word,42835,8240,7,PAIR_0602
word,42835,25364,8,PAIR_0547
word,42835,12906,9,PAIR_0530
word,42835,20255,10,PAIR_0280
word,34019,29969,1,PAIR_0394
word,34019,12350,2,PAIR_0438
word,34019,17125,3,PAIR_0445
word,34019,8603,4,PAIR_0750
word,34019,30027,5,PAIR_0116
word,34019,47992,6,PAIR_0350
word,34019,43170,7,PAIR_0431
word,34019,40303,8,PAIR_0768
word,34019,10607,9,PAIR_0469
word,34019,37052,10,PAIR_0707
word,17866,10944,1,PAIR_0709
word,17866,48668,2,PAIR_0408
word,17866,31905,3,PAIR_0751
word,17866,24872,4,PAIR_0737
word,17866,36061,5,PAIR_0791
word,17866,3576,6,PAIR_0106
word,17866,22401,7,PAIR_0649
word,17866,23024,8,PAIR_0036
word,17866,25870,9,PAIR_0630
word,17866,42028,10,PAIR_0527
word,13527,19244,1,PAIR_0179
word,13527,20170,2,PAIR_0059
word,13527,16942,3,PAIR_0317
word,13527,30514,4,PAIR_0450
word,13527,4106,5,PAIR_0607
word,13527,19199,6,PAIR_0204
word,13527,44433,7,PAIR_0248
word,13527,21571,8,PAIR_0256
word,13527,8237,9,PAIR_0190
word,13527,38990,10,PAIR_0608
word,49782,7454,1,PAIR_0004
word,49782,5202,2,PAIR_0396
word,49782,40205,3,PAIR_0337
word,49782,15895,4,PAIR_0203
word,49782,7468,5,PAIR_0082
word,49782,47193,6,PAIR_0489
word,49782,27423,7,PAIR_0588
word,49782,23925,8,PAIR_0428
word,49782,11795,9,PAIR_0466
word,49782,25870,10,PAIR_0584
word,23821,3969,1,PAIR_0069
word,23821,36921,2,PAIR_0072
word,23821,36209,3,PAIR_0716
word,23821,43309,4,PAIR_0086
word,23821,17111,5,PAIR_0593
word,23821,14521,6,PAIR_0188
word,23821,21282,7,PAIR_0183
word,23821,38747,8,PAIR_0361
word,23821,15366,9,PAIR_0228
word,23821,11501,10,PAIR_0090
word,7912,15911,1,PAIR_0689
word,7912,22740,2,PAIR_0525
word,7912,18983,3,PAIR_0363
word,7912,34678,4,PAIR_0182
word,7912,43580,5,PAIR_0677
word,7912,24161,6,PAIR_0358
word,7912,13214,7,PAIR_0321
word,7912,5978,8,PAIR_0055
word,7912,32865,9,PAIR_0712
word,7912,13741,10,PAIR_0550
word,49284,38057,1,PAIR_0433
word,49284,16432,2,PAIR_0763
word,49284,38224,3,PAIR_0199
word,49284,33685,4,PAIR_0803
word,49284,6335,5,PAIR_0735
word,49284,17113,6,PAIR_0655
word,49284,33089,7,PAIR_0039
word,49284,24263,8,PAIR_0112
word,49284,19099,9,PAIR_0425
word,49284,49854,10,PAIR_0603
word,9641,48982,1,PAIR_0684
word,9641,5084,2,PAIR_0759
word,9641,48657,3,PAIR_0300
word,9641,47639,4,PAIR_0403
word,9641,9981,5,PAIR_0635
word,9641,15953,6,PAIR_0478
word,9641,10381,7,PAIR_0169
word,9641,23334,8,PAIR_0377
word,9641,26073,9,PAIR_0640
word,9641,7177,10,PAIR_0797
word,37138,8876,1,PAIR_0235
word,37138,32504,2,PAIR_0569
word,37138,2893,3,PAIR_0034
word,37138,33174,4,PAIR_0062
word,37138,12921,5,PAIR_0102
word,37138,39992,6,PAIR_0272
word,37138,27524,7,PAIR_0009
word,37138,689,8,PAIR_0523
word,37138,33053,9,PAIR_0675
word,37138,5081,10,PAIR_0718
word,39815,6098,1,PAIR_0455
word,39815,44609,2,PAIR_0253
word,39815,38732,3,PAIR_0464
word,39815,47149,4,PAIR_0432
word,39815,9372,5,PAIR_0538
word,39815,2567,6,PAIR_0064
word,39815,20333,7,PAIR_0660
word,39815,47516,8,PAIR_0117
word,39815,44023,9,PAIR_0119
word,39815,29116,10,PAIR_0600
word,35249,4321,1,PAIR_0065
word,35249,48092,2,PAIR_0342
word,35249,30242,3,PAIR_0417
word,35249,28483,4,PAIR_0461
word,35249,24580,5,PAIR_0777
word,35249,34135,6,PAIR_0007
word,35249,44111,7,PAIR_0714
word,35249,5217,8,PAIR_0174
word,35249,45880,9,PAIR_0181
word,35249,25988,10,PAIR_0576
word,30769,1847,1,PAIR_0435
word,30769,2948,2,PAIR_0664
word,30769,15028,3,PAIR_0341
word,30769,18153,4,PAIR_0807
word,30769,32792,5,PAIR_0628
word,30769,9089,6,PAIR_0808
word,30769,11982,7,PAIR_0599
word,30769,15555,8,PAIR_0702
word,30769,29553,9,PAIR_0352
word,30769,2965,10,PAIR_0509
word,17110,39425,1,PAIR_0458
word,17110,8359,2,PAIR_0676
word,17110,14650,3,PAIR_0439
word,17110,43851,4,PAIR_0014
word,17110,21150,5,PAIR_0265
word,17110,3059,6,PAIR_0145
word,17110,31539,7,PAIR_0133
word,17110,20675,8,PAIR_0541
word,17110,26540,9,PAIR_0764
word,17110,4541,10,PAIR_0482
word,14332,29492,1,PAIR_0691
word,14332,41250,2,PAIR_0067
word,14332,34126,3,PAIR_0309
word,14332,23603,4,PAIR_0738
word,14332,9591,5,PAIR_0493
word,14332,29509,6,PAIR_0286
word,14332,41727,7,PAIR_0343
word,14332,14320,8,PAIR_0367
word,14332,18832,9,PAIR_0135
word,14332,12372,10,PAIR_0495
word,8403,32063,1,PAIR_0131
word,8403,1869,2,PAIR_0670
word,8403,49200,3,PAIR_0542
word,8403,46163,4,PAIR_0274
word,8403,49900,5,PAIR_0690
word,8403,8031,6,PAIR_0372
word,8403,32345,7,PAIR_0366
word,8403,1231,8,PAIR_0240
word,8403,35544,9,PAIR_0474
word,8403,49343,10,PAIR_0275
word,27355,48250,1,PAIR_0307
word,27355,43197,2,PAIR_0452
word,27355,47422,3,PAIR_0785
word,27355,28984,4,PAIR_0589
word,27355,37486,5,PAIR_0073
word,27355,10692,6,PAIR_0344
word,27355,28205,7,PAIR_0154
word,27355,33385,8,PAIR_0658
word,27355,13903,9,PAIR_0266
word,27355,4204,10,PAIR_0058
word,47668,40444,1,PAIR_0242
word,47668,38994,2,PAIR_0485
word,47668,46593,3,PAIR_0349
word,47668,41414,4,PAIR_0582
word,47668,13773,5,PAIR_0585
word,47668,10521,6,PAIR_0662
word,47668,8546,7,PAIR_0388
word,47668,30090,8,PAIR_0125
word,47668,40188,9,PAIR_0120
word,47668,9745,10,PAIR_0144
word,25300,4588,1,PAIR_0237
word,25300,17453,2,PAIR_0239
word,25300,41110,3,PAIR_0095
word,25300,7149,4,PAIR_0271
word,25300,49267,5,PAIR_0375
word,25300,1989,6,PAIR_0339
word,25300,26976,7,PAIR_0282
word,25300,21174,8,PAIR_0355
word,25300,24607,9,PAIR_0386
word,25300,2210,10,PAIR_0152
word,33864,16151,1,PAIR_0501
word,33864,37015,2,PAIR_0667
word,33864,33512,3,PAIR_0263
word,33864,33246,4,PAIR_0668
word,33864,33790,5,PAIR_0103
word,33864,14602,6,PAIR_0331
word,33864,8067,7,PAIR_0262
word,33864,6182,8,PAIR_0026
word,33864,22189,9,PAIR_0209
word,33864,1087,10,PAIR_0156
word,39139,10075,1,PAIR_0096
word,39139,27866,2,PAIR_0051
word,39139,4774,3,PAIR_0197
word,39139,14988,4,PAIR_0311
word,39139,6381,5,PAIR_0056
word,39139,32787,6,PAIR_0382
word,39139,27598,7,PAIR_0560
word,39139,3190,8,PAIR_0805
word,39139,44127,9,PAIR_0142
word,39139,37160,10,PAIR_0587
word,14341,47865,1,PAIR_0243
word,14341,21632,2,PAIR_0679
word,14341,32822,3,PAIR_0127
word,14341,21439,4,PAIR_0200
word,14341,12290,5,PAIR_0218
word,14341,13408,6,PAIR_0481
word,14341,31987,7,PAIR_0531
word,14341,3104,8,PAIR_0136
word,14341,37876,9,PAIR_0251
word,14341,23447,10,PAIR_0105
word,27552,3789,1,PAIR_0636
word,27552,18080,2,PAIR_0696
word,27552,49197,3,PAIR_0437
word,27552,13769,4,PAIR_0318
word,27552,6997,5,PAIR_0194
word,27552,8921,6,PAIR_0369
word,27552,40486,7,PAIR_0648
word,27552,21176,8,PAIR_0410
word,27552,3184,9,PAIR_0257
word,27552,6836,10,PAIR_0661
word,21523,13224,1,PAIR_0254
word,21523,3298,2,PAIR_0151
word,21523,48677,3,PAIR_0789
word,21523,3767,4,PAIR_0623
word,21523,37317,5,PAIR_0281
word,21523,30412,6,PAIR_0447
word,21523,13449,7,PAIR_0035
word,21523,28792,8,PAIR_0362
word,21523,33462,9,PAIR_0731
word,21523,3698,10,PAIR_0782
word,11850,13224,1,PAIR_0155
word,11850,3298,2,PAIR_0643
word,11850,48677,3,PAIR_0030
word,11850,3767,4,PAIR_0627
word,11850,37317,5,PAIR_0063
word,11850,30412,6,PAIR_0519
word,11850,13449,7,PAIR_0383
word,11850,28792,8,PAIR_0497
word,11850,33462,9,PAIR_0729
word,11850,3698,10,PAIR_0049
word,27626,35426,1,PAIR_0552
word,27626,25748,2,PAIR_0612
word,27626,16886,3,PAIR_0544
word,27626,31743,4,PAIR_0402
word,27626,578,5,PAIR_0524
word,27626,43894,6,PAIR_0141
word,27626,8240,7,PAIR_0488
word,27626,25364,8,PAIR_0023
word,27626,12906,9,PAIR_0418
word,27626,20255,10,PAIR_0475
character,40314,46808,1,PAIR_0451
character,40314,28989,2,PAIR_0236
character,40314,48423,3,PAIR_0001
character,40314,10201,4,PAIR_0422
character,40314,36492,5,PAIR_0163
character,40314,21493,6,PAIR_0790
character,40314,44397,7,PAIR_0213
character,40314,37937,8,PAIR_0756
character,40314,49546,9,PAIR_0556
character,40314,32284,10,PAIR_0381
character,18745,35203,1,PAIR_0736
character,18745,38695,2,PAIR_0412
character,18745,32985,3,PAIR_0798
character,18745,13542,4,PAIR_0115
character,18745,5162,5,PAIR_0147
character,18745,34697,6,PAIR_0465
character,18745,11437,7,PAIR_0449
character,18745,9421,8,PAIR_0230
character,18745,3122,9,PAIR_0076
character,18745,42486,10,PAIR_0699
character,29812,31000,1,PAIR_0535
character,29812,36312,2,PAIR_0219
character,29812,14222,3,PAIR_0322
character,29812,43611,4,PAIR_0195
character,29812,20510,5,PAIR_0348
character,29812,1515,6,PAIR_0427
character,29812,22263,7,PAIR_0695
character,29812,28050,8,PAIR_0434
character,29812,35512,9,PAIR_0498
character,29812,18024,10,PAIR_0801
character,97,5463,1,PAIR_0327
character,97,29041,2,PAIR_0099
character,97,30957,3,PAIR_0722
character,97,28666,4,PAIR_0088
character,97,17809,5,PAIR_0522
character,97,21890,6,PAIR_0128
character,97,41651,7,PAIR_0097
character,97,26768,8,PAIR_0526
character,97,39503,9,PAIR_0492
character,97,19970,10,PAIR_0517
character,25488,28558,1,PAIR_0177
character,25488,37441,2,PAIR_0518
character,25488,38626,3,PAIR_0537
character,25488,39676,4,PAIR_0212
character,25488,45133,5,PAIR_0032
character,25488,28257,6,PAIR_0674
character,25488,41883,7,PAIR_0741
character,25488,13253,8,PAIR_0520
character,25488,39218,9,PAIR_0793
character,25488,41758,10,PAIR_0013
character,49891,16338,1,PAIR_0693
character,49891,15696,2,PAIR_0459
character,49891,33381,3,PAIR_0505
character,49891,14148,4,PAIR_0788
character,49891,12323,5,PAIR_0774
character,49891,17821,6,PAIR_0686
character,49891,31758,7,PAIR_0159
character,49891,31174,8,PAIR_0258
character,49891,42673,9,PAIR_0165
character,49891,38918,10,PAIR_0467
character,13434,12969,1,PAIR_0148
character,13434,49174,2,PAIR_0211
character,13434,33396,3,PAIR_0279
character,13434,3606,4,PAIR_0206
character,13434,41864,5,PAIR_0496
character,13434,46301,6,PAIR_0198
character,13434,25013,7,PAIR_0180
character,13434,7870,8,PAIR_0359
character,13434,44776,9,PAIR_0225
character,13434,42968,10,PAIR_0711
character,5341,3104,1,PAIR_0201
character,5341,47865,2,PAIR_0605
character,5341,23447,3,PAIR_0629
character,5341,32822,4,PAIR_0559
character,5341,37876,5,PAIR_0727
character,5341,21632,6,PAIR_0620
character,5341,21439,7,PAIR_0739
character,5341,12290,8,PAIR_0704
character,5341,13408,9,PAIR_0634
character,5341,14295,10,PAIR_0114
character,37570,43138,1,PAIR_0678
character,37570,21992,2,PAIR_0326
character,37570,7844,3,PAIR_0687
character,37570,44451,4,PAIR_0506
character,37570,24957,5,PAIR_0323
character,37570,28548,6,PAIR_0244
character,37570,11489,7,PAIR_0299
character,37570,36047,8,PAIR_0043
character,37570,26998,9,PAIR_0129
character,37570,3483,10,PAIR_0176
character,4916,39731,1,PAIR_0308
character,4916,38915,2,PAIR_0089
character,4916,44632,3,PAIR_0261
character,4916,49299,4,PAIR_0297
character,4916,46151,5,PAIR_0700
character,4916,15467,6,PAIR_0698
character,4916,37734,7,PAIR_0618
character,4916,2361,8,PAIR_0494
character,4916,44483,9,PAIR_0529
character,4916,41894,10,PAIR_0567
character,26709,32813,1,PAIR_0021
character,26709,22484,2,PAIR_0512
character,26709,46407,3,PAIR_0283
character,26709,6124,4,PAIR_0292
character,26709,49728,5,PAIR_0395
character,26709,12739,6,PAIR_0665
character,26709,21097,7,PAIR_0669
character,26709,14252,8,PAIR_0717
character,26709,2909,9,PAIR_0773
character,26709,36176,10,PAIR_0476
character,46084,691,1,PAIR_0659
character,46084,37958,2,PAIR_0546
character,46084,18783,3,PAIR_0074
character,46084,28656,4,PAIR_0510
character,46084,40797,5,PAIR_0421
character,46084,14624,6,PAIR_0622
character,46084,32789,7,PAIR_0287
character,46084,13818,8,PAIR_0139
character,46084,20082,9,PAIR_0548
character,46084,39414,10,PAIR_0079
character,25805,49417,1,PAIR_0260
character,25805,17193,2,PAIR_0641
character,25805,8655,3,PAIR_0175
character,25805,8457,4,PAIR_0477
character,25805,14848,5,PAIR_0596
character,25805,19148,6,PAIR_0011
character,25805,8081,7,PAIR_0753
character,25805,12768,8,PAIR_0220
character,25805,17102,9,PAIR_0673
character,25805,35936,10,PAIR_0376
character,36716,32813,1,PAIR_0304
character,36716,22484,2,PAIR_0157
character,36716,46407,3,PAIR_0579
character,36716,6124,4,PAIR_0706
character,36716,49728,5,PAIR_0545
character,36716,12739,6,PAIR_0521
character,36716,21097,7,PAIR_0513
character,36716,14252,8,PAIR_0682
character,36716,2909,9,PAIR_0306
character,36716,36176,10,PAIR_0606
character,42835,35426,1,PAIR_0003
character,42835,31743,2,PAIR_0066
character,42835,16886,3,PAIR_0075
character,42835,25748,4,PAIR_0298
character,42835,43894,5,PAIR_0284
character,42835,578,6,PAIR_0624
character,42835,25364,7,PAIR_0547
character,42835,8240,8,PAIR_0602
character,42835,20255,9,PAIR_0280
character,42835,12906,10,PAIR_0530
character,34019,29969,1,PAIR_0394
character,34019,12350,2,PAIR_0438
character,34019,17125,3,PAIR_0445
character,34019,30027,4,PAIR_0116
character,34019,40303,5,PAIR_0768
character,34019,47992,6,PAIR_0350
character,34019,37052,7,PAIR_0707
character,34019,8603,8,PAIR_0750
character,34019,10607,9,PAIR_0469
character,34019,43170,10,PAIR_0431
character,17866,10944,1,PAIR_0709
character,17866,48668,2,PAIR_0408
character,17866,36061,3,PAIR_0791
character,17866,24872,4,PAIR_0737
character,17866,3576,5,PAIR_0106
character,17866,22401,6,PAIR_0649
character,17866,31905,7,PAIR_0751
character,17866,23024,8,PAIR_0036
character,17866,6681,9,PAIR_0572
character,17866,42028,10,PAIR_0527
character,13527,20170,1,PAIR_0059
character,13527,19244,2,PAIR_0179
character,13527,44433,3,PAIR_0248
character,13527,19199,4,PAIR_0204
character,13527,30514,5,PAIR_0450
character,13527,2027,6,PAIR_0392
character,13527,12787,7,PAIR_0100
character,13527,8237,8,PAIR_0190
character,13527,4106,9,PAIR_0607
character,13527,38990,10,PAIR_0608
character,49782,7454,1,PAIR_0004
character,49782,15895,2,PAIR_0203
character,49782,40205,3,PAIR_0337
character,49782,5202,4,PAIR_0396
character,49782,7468,5,PAIR_0082
character,49782,47193,6,PAIR_0489
character,49782,27423,7,PAIR_0588
character,49782,11795,8,PAIR_0466
character,49782,23925,9,PAIR_0428
character,49782,42028,10,PAIR_0126
character,23821,3969,1,PAIR_0069
character,23821,36209,2,PAIR_0716
character,23821,36921,3,PAIR_0072
character,23821,14521,4,PAIR_0188
character,23821,38747,5,PAIR_0361
character,23821,17111,6,PAIR_0593
character,23821,21282,7,PAIR_0183
character,23821,17927,8,PAIR_0022
character,23821,43309,9,PAIR_0086
character,23821,15366,10,PAIR_0228
character,7912,22740,1,PAIR_0525
character,7912,18983,2,PAIR_0363
character,7912,43580,3,PAIR_0677
character,7912,34678,4,PAIR_0182
character,7912,15911,5,PAIR_0689
character,7912,5978,6,PAIR_0055
character,7912,35185,7,PAIR_0294
character,7912,18098,8,PAIR_0568
character,7912,32865,9,PAIR_0712
character,7912,13214,10,PAIR_0321
character,49284,38057,1,PAIR_0433
character,49284,33685,2,PAIR_0803
character,49284,38224,3,PAIR_0199
character,49284,17113,4,PAIR_0655
character,49284,16432,5,PAIR_0763
character,49284,24263,6,PAIR_0112
character,49284,6335,7,PAIR_0735
character,49284,33089,8,PAIR_0039
character,49284,19099,9,PAIR_0425
character,49284,7722,10,PAIR_0401
character,9641,48982,1,PAIR_0684
character,9641,5084,2,PAIR_0759
character,9641,48657,3,PAIR_0300
character,9641,46855,4,PAIR_0566
character,9641,7764,5,PAIR_0052
character,9641,9981,6,PAIR_0635
character,9641,15953,7,PAIR_0478
character,9641,10381,8,PAIR_0169
character,9641,23334,9,PAIR_0377
character,9641,26073,10,PAIR_0640
character,37138,8876,1,PAIR_0235
character,37138,32504,2,PAIR_0569
character,37138,12921,3,PAIR_0102
character,37138,2893,4,PAIR_0034
character,37138,33174,5,PAIR_0062
character,37138,39992,6,PAIR_0272
character,37138,27524,7,PAIR_0009
character,37138,689,8,PAIR_0523
character,37138,33053,9,PAIR_0675
character,37138,42081,10,PAIR_0680
character,39815,38732,1,PAIR_0464
character,39815,44609,2,PAIR_0253
character,39815,6098,3,PAIR_0455
character,39815,20333,4,PAIR_0660
character,39815,47516,5,PAIR_0117
character,39815,47149,6,PAIR_0432
character,39815,9372,7,PAIR_0538
character,39815,2567,8,PAIR_0064
character,39815,44023,9,PAIR_0119
character,39815,33899,10,PAIR_0703
character,35249,4321,1,PAIR_0065
character,35249,30242,2,PAIR_0417
character,35249,6739,3,PAIR_0651
character,35249,24580,4,PAIR_0777
character,35249,25197,5,PAIR_0685
character,35249,28483,6,PAIR_0461
character,35249,25191,7,PAIR_0575
character,35249,1185,8,PAIR_0762
character,35249,10268,9,PAIR_0536
character,35249,47315,10,PAIR_0666
character,30769,1847,1,PAIR_0435
character,30769,2948,2,PAIR_0664
character,30769,15028,3,PAIR_0341
character,30769,11982,4,PAIR_0599
character,30769,18153,5,PAIR_0807
character,30769,9089,6,PAIR_0808
character,30769,32792,7,PAIR_0628
character,30769,29553,8,PAIR_0352
character,30769,15555,9,PAIR_0702
character,30769,2965,10,PAIR_0509
character,17110,21150,1,PAIR_0265
character,17110,43851,2,PAIR_0014
character,17110,8359,3,PAIR_0676
character,17110,4541,4,PAIR_0482
character,17110,14650,5,PAIR_0439
character,17110,26540,6,PAIR_0764
character,17110,31539,7,PAIR_0133
character,17110,36372,8,PAIR_0565
character,17110,20675,9,PAIR_0541
character,17110,17018,10,PAIR_0191
character,14332,34126,1,PAIR_0309
character,14332,29492,2,PAIR_0691
character,14332,7784,3,PAIR_0681
character,14332,26517,4,PAIR_0806
character,14332,19310,5,PAIR_0269
character,14332,18832,6,PAIR_0135
character,14332,12372,7,PAIR_0495
character,14332,14320,8,PAIR_0367
character,14332,24510,9,PAIR_0393
character,14332,2770,10,PAIR_0516
character,8403,32063,1,PAIR_0131
character,8403,8031,2,PAIR_0372
character,8403,49900,3,PAIR_0690
character,8403,46163,4,PAIR_0274
character,8403,49200,5,PAIR_0542
character,8403,1869,6,PAIR_0670
character,8403,1231,7,PAIR_0240
character,8403,35544,8,PAIR_0474
character,8403,49343,9,PAIR_0275
character,8403,32345,10,PAIR_0366
character,27355,43197,1,PAIR_0452
character,27355,47422,2,PAIR_0785
character,27355,48250,3,PAIR_0307
character,27355,28984,4,PAIR_0589
character,27355,10692,5,PAIR_0344
character,27355,37486,6,PAIR_0073
character,27355,28205,7,PAIR_0154
character,27355,13903,8,PAIR_0266
character,27355,33385,9,PAIR_0658
character,27355,26937,10,PAIR_0214
character,47668,40444,1,PAIR_0242
character,47668,30090,2,PAIR_0125
character,47668,46593,3,PAIR_0349
character,47668,13773,4,PAIR_0585
character,47668,10521,5,PAIR_0662
character,47668,18869,6,PAIR_0744
character,47668,41414,7,PAIR_0582
character,47668,8884,8,PAIR_0639
character,47668,26236,9,PAIR_0652
character,47668,8546,10,PAIR_0388
character,25300,17453,1,PAIR_0239
character,25300,1989,2,PAIR_0339
character,25300,7149,3,PAIR_0271
character,25300,26976,4,PAIR_0282
character,25300,21174,5,PAIR_0355
character,25300,4588,6,PAIR_0237
character,25300,38373,7,PAIR_0325
character,25300,2210,8,PAIR_0152
character,25300,20374,9,PAIR_0480
character,25300,13511,10,PAIR_0387
character,33864,37015,1,PAIR_0667
character,33864,16151,2,PAIR_0501
character,33864,33512,3,PAIR_0263
character,33864,33246,4,PAIR_0668
character,33864,6182,5,PAIR_0026
character,33864,33790,6,PAIR_0103
character,33864,8067,7,PAIR_0262
character,33864,14602,8,PAIR_0331
character,33864,22189,9,PAIR_0209
character,33864,1087,10,PAIR_0156
character,39139,10075,1,PAIR_0096
character,39139,4774,2,PAIR_0197
character,39139,27866,3,PAIR_0051
character,39139,14988,4,PAIR_0311
character,39139,6381,5,PAIR_0056
character,39139,32787,6,PAIR_0382
character,39139,2178,7,PAIR_0276
character,39139,20746,8,PAIR_0561
character,39139,49425,9,PAIR_0539
character,39139,10481,10,PAIR_0380
character,14341,3104,1,PAIR_0136
character,14341,47865,2,PAIR_0243
character,14341,23447,3,PAIR_0105
character,14341,32822,4,PAIR_0127
character,14341,37876,5,PAIR_0251
character,14341,21632,6,PAIR_0679
character,14341,21439,7,PAIR_0200
character,14341,12290,8,PAIR_0218
character,14341,13408,9,PAIR_0481
character,14341,14295,10,PAIR_0688
character,27552,18080,1,PAIR_0696
character,27552,3789,2,PAIR_0636
character,27552,49197,3,PAIR_0437
character,27552,40486,4,PAIR_0648
character,27552,8921,5,PAIR_0369
character,27552,6997,6,PAIR_0194
character,27552,6836,7,PAIR_0661
character,27552,6870,8,PAIR_0609
character,27552,13769,9,PAIR_0318
character,27552,21176,10,PAIR_0410
character,21523,3298,1,PAIR_0151
character,21523,48677,2,PAIR_0789
character,21523,35546,3,PAIR_0173
character,21523,13224,4,PAIR_0254
character,21523,3767,5,PAIR_0623
character,21523,37317,6,PAIR_0281
character,21523,30412,7,PAIR_0447
character,21523,13449,8,PAIR_0035
character,21523,28792,9,PAIR_0362
character,21523,33462,10,PAIR_0731
character,11850,3298,1,PAIR_0643
character,11850,48677,2,PAIR_0030
character,11850,35546,3,PAIR_0028
character,11850,13224,4,PAIR_0155
character,11850,3767,5,PAIR_0627
character,11850,37317,6,PAIR_0063
character,11850,30412,7,PAIR_0519
character,11850,13449,8,PAIR_0383
character,11850,28792,9,PAIR_0497
character,11850,33462,10,PAIR_0729
character,27626,35426,1,PAIR_0552
character,27626,31743,2,PAIR_0402
character,27626,16886,3,PAIR_0544
character,27626,25748,4,PAIR_0612
character,27626,43894,5,PAIR_0141
character,27626,578,6,PAIR_0524
character,27626,25364,7,PAIR_0023
character,27626,8240,8,PAIR_0488
character,27626,20255,9,PAIR_0475
character,27626,12906,10,PAIR_0418
graph_idf,40314,45158,1,PAIR_0290
graph_idf,40314,13151,2,PAIR_0444
graph_idf,40314,10943,3,PAIR_0528
graph_idf,40314,20756,4,PAIR_0784
graph_idf,40314,49968,5,PAIR_0379
graph_idf,40314,33723,6,PAIR_0335
graph_idf,40314,7720,7,PAIR_0534
graph_idf,40314,5520,8,PAIR_0098
graph_idf,40314,13677,9,PAIR_0775
graph_idf,40314,23694,10,PAIR_0626
graph_idf,18745,41696,1,PAIR_0778
graph_idf,18745,9967,2,PAIR_0749
graph_idf,18745,27990,3,PAIR_0092
graph_idf,18745,14362,4,PAIR_0471
graph_idf,18745,49869,5,PAIR_0238
graph_idf,18745,49984,6,PAIR_0040
graph_idf,18745,42926,7,PAIR_0332
graph_idf,18745,9176,8,PAIR_0384
graph_idf,18745,42697,9,PAIR_0591
graph_idf,18745,49326,10,PAIR_0042
graph_idf,29812,22263,1,PAIR_0695
graph_idf,29812,8627,2,PAIR_0621
graph_idf,29812,30302,3,PAIR_0719
graph_idf,29812,1515,4,PAIR_0427
graph_idf,29812,18024,5,PAIR_0801
graph_idf,29812,14222,6,PAIR_0322
graph_idf,29812,35512,7,PAIR_0498
graph_idf,29812,28050,8,PAIR_0434
graph_idf,29812,28684,9,PAIR_0345
graph_idf,29812,36312,10,PAIR_0219
graph_idf,97,41696,1,PAIR_0033
graph_idf,97,9967,2,PAIR_0616
graph_idf,97,27990,3,PAIR_0068
graph_idf,97,14362,4,PAIR_0514
graph_idf,97,44347,5,PAIR_0644
graph_idf,97,40868,6,PAIR_0134
graph_idf,97,41432,7,PAIR_0710
graph_idf,97,8035,8,PAIR_0371
graph_idf,97,6748,9,PAIR_0419
graph_idf,97,24177,10,PAIR_0411
graph_idf,25488,47411,1,PAIR_0084
graph_idf,25488,40468,2,PAIR_0277
graph_idf,25488,41206,3,PAIR_0247
graph_idf,25488,43591,4,PAIR_0802
graph_idf,25488,41758,5,PAIR_0013
graph_idf,25488,15651,6,PAIR_0289
graph_idf,25488,26253,7,PAIR_0500
graph_idf,25488,17422,8,PAIR_0656
graph_idf,25488,5482,9,PAIR_0123
graph_idf,25488,7238,10,PAIR_0740
graph_idf,49891,14707,1,PAIR_0564
graph_idf,49891,28248,2,PAIR_0077
graph_idf,49891,43649,3,PAIR_0508
graph_idf,49891,36926,4,PAIR_0637
graph_idf,49891,24892,5,PAIR_0053
graph_idf,49891,47827,6,PAIR_0370
graph_idf,49891,14692,7,PAIR_0598
graph_idf,49891,36391,8,PAIR_0586
graph_idf,49891,47203,9,PAIR_0758
graph_idf,49891,46088,10,PAIR_0285
graph_idf,13434,45718,1,PAIR_0012
graph_idf,13434,28949,2,PAIR_0780
graph_idf,13434,46683,3,PAIR_0453
graph_idf,13434,16834,4,PAIR_0570
graph_idf,13434,19823,5,PAIR_0554
graph_idf,13434,47592,6,PAIR_0005
graph_idf,13434,1087,7,PAIR_0087
graph_idf,13434,34799,8,PAIR_0713
graph_idf,13434,17377,9,PAIR_0483
graph_idf,13434,12483,10,PAIR_0002
graph_idf,5341,14362,1,PAIR_0577
graph_idf,5341,44347,2,PAIR_0614
graph_idf,5341,40868,3,PAIR_0726
graph_idf,5341,36591,4,PAIR_0305
graph_idf,5341,39959,5,PAIR_0024
graph_idf,5341,12430,6,PAIR_0642
graph_idf,5341,44418,7,PAIR_0787
graph_idf,5341,21568,8,PAIR_0354
graph_idf,5341,5506,9,PAIR_0734
graph_idf,5341,14737,10,PAIR_0044
graph_idf,37570,46717,1,PAIR_0329
graph_idf,37570,36502,2,PAIR_0122
graph_idf,37570,11626,3,PAIR_0442
graph_idf,37570,48071,4,PAIR_0657
graph_idf,37570,28155,5,PAIR_0786
graph_idf,37570,31118,6,PAIR_0799
graph_idf,37570,40053,7,PAIR_0730
graph_idf,37570,21992,8,PAIR_0326
graph_idf,37570,27692,9,PAIR_0754
graph_idf,37570,11475,10,PAIR_0398
graph_idf,4916,14707,1,PAIR_0532
graph_idf,4916,28248,2,PAIR_0404
graph_idf,4916,43649,3,PAIR_0293
graph_idf,4916,36926,4,PAIR_0549
graph_idf,4916,24892,5,PAIR_0573
graph_idf,4916,47827,6,PAIR_0420
graph_idf,4916,14692,7,PAIR_0217
graph_idf,4916,36391,8,PAIR_0264
graph_idf,4916,47203,9,PAIR_0583
graph_idf,4916,46088,10,PAIR_0319
graph_idf,26709,2909,1,PAIR_0773
graph_idf,26709,21097,2,PAIR_0669
graph_idf,26709,49728,3,PAIR_0395
graph_idf,26709,46407,4,PAIR_0283
graph_idf,26709,32813,5,PAIR_0021
graph_idf,26709,22484,6,PAIR_0512
graph_idf,26709,6124,7,PAIR_0292
graph_idf,26709,12739,8,PAIR_0665
graph_idf,26709,14252,9,PAIR_0717
graph_idf,26709,28836,10,PAIR_0124
graph_idf,46084,11351,1,PAIR_0604
graph_idf,46084,37695,2,PAIR_0597
graph_idf,46084,17586,3,PAIR_0563
graph_idf,46084,14624,4,PAIR_0622
graph_idf,46084,24456,5,PAIR_0018
graph_idf,46084,5183,6,PAIR_0153
graph_idf,46084,3964,7,PAIR_0581
graph_idf,46084,45521,8,PAIR_0742
graph_idf,46084,7549,9,PAIR_0424
graph_idf,46084,3150,10,PAIR_0328
graph_idf,25805,29501,1,PAIR_0562
graph_idf,25805,47525,2,PAIR_0454
graph_idf,25805,47967,3,PAIR_0347
graph_idf,25805,33125,4,PAIR_0761
graph_idf,25805,48439,5,PAIR_0745
graph_idf,25805,15986,6,PAIR_0138
graph_idf,25805,31478,7,PAIR_0303
graph_idf,25805,13299,8,PAIR_0143
graph_idf,25805,22453,9,PAIR_0578
graph_idf,25805,37615,10,PAIR_0185
graph_idf,36716,2909,1,PAIR_0306
graph_idf,36716,21097,2,PAIR_0513
graph_idf,36716,49728,3,PAIR_0545
graph_idf,36716,46407,4,PAIR_0579
graph_idf,36716,32813,5,PAIR_0304
graph_idf,36716,22484,6,PAIR_0157
graph_idf,36716,6124,7,PAIR_0706
graph_idf,36716,12739,8,PAIR_0521
graph_idf,36716,14252,9,PAIR_0682
graph_idf,36716,28836,10,PAIR_0324
graph_idf,42835,7129,1,PAIR_0057
graph_idf,42835,37796,2,PAIR_0246
graph_idf,42835,3564,3,PAIR_0760
graph_idf,42835,2947,4,PAIR_0101
graph_idf,42835,9274,5,PAIR_0296
graph_idf,42835,2491,6,PAIR_0160
graph_idf,42835,7838,7,PAIR_0338
graph_idf,42835,16078,8,PAIR_0470
graph_idf,42835,26299,9,PAIR_0278
graph_idf,42835,5106,10,PAIR_0460
graph_idf,34019,27886,1,PAIR_0771
graph_idf,34019,710,2,PAIR_0796
graph_idf,34019,4746,3,PAIR_0772
graph_idf,34019,40035,4,PAIR_0050
graph_idf,34019,7684,5,PAIR_0533
graph_idf,34019,27032,6,PAIR_0223
graph_idf,34019,35386,7,PAIR_0743
graph_idf,34019,24637,8,PAIR_0016
graph_idf,34019,47692,9,PAIR_0543
graph_idf,34019,29645,10,PAIR_0795
graph_idf,17866,14707,1,PAIR_0804
graph_idf,17866,28248,2,PAIR_0302
graph_idf,17866,43649,3,PAIR_0234
graph_idf,17866,36926,4,PAIR_0413
graph_idf,17866,24892,5,PAIR_0456
graph_idf,17866,47827,6,PAIR_0426
graph_idf,17866,14692,7,PAIR_0273
graph_idf,17866,36391,8,PAIR_0400
graph_idf,17866,47203,9,PAIR_0046
graph_idf,17866,46088,10,PAIR_0503
graph_idf,13527,17616,1,PAIR_0463
graph_idf,13527,38797,2,PAIR_0423
graph_idf,13527,39944,3,PAIR_0794
graph_idf,13527,24772,4,PAIR_0631
graph_idf,13527,34210,5,PAIR_0390
graph_idf,13527,21571,6,PAIR_0256
graph_idf,13527,1112,7,PAIR_0171
graph_idf,13527,16942,8,PAIR_0317
graph_idf,13527,30514,9,PAIR_0450
graph_idf,13527,8237,10,PAIR_0190
graph_idf,49782,14707,1,PAIR_0010
graph_idf,49782,28248,2,PAIR_0551
graph_idf,49782,43649,3,PAIR_0019
graph_idf,49782,36926,4,PAIR_0574
graph_idf,49782,24892,5,PAIR_0110
graph_idf,49782,47827,6,PAIR_0374
graph_idf,49782,14692,7,PAIR_0071
graph_idf,49782,36391,8,PAIR_0399
graph_idf,49782,47203,9,PAIR_0121
graph_idf,49782,46088,10,PAIR_0132
graph_idf,23821,7217,1,PAIR_0365
graph_idf,23821,37079,2,PAIR_0728
graph_idf,23821,6010,3,PAIR_0571
graph_idf,23821,44062,4,PAIR_0168
graph_idf,23821,43309,5,PAIR_0086
graph_idf,23821,8901,6,PAIR_0558
graph_idf,23821,23400,7,PAIR_0724
graph_idf,23821,16466,8,PAIR_0000
graph_idf,23821,17111,9,PAIR_0593
graph_idf,23821,23166,10,PAIR_0406
graph_idf,7912,31682,1,PAIR_0443
graph_idf,7912,7103,2,PAIR_0340
graph_idf,7912,21381,3,PAIR_0245
graph_idf,7912,24161,4,PAIR_0358
graph_idf,7912,6870,5,PAIR_0233
graph_idf,7912,13741,6,PAIR_0550
graph_idf,7912,5978,7,PAIR_0055
graph_idf,7912,41589,8,PAIR_0202
graph_idf,7912,46570,9,PAIR_0187
graph_idf,7912,3184,10,PAIR_0617
graph_idf,49284,31682,1,PAIR_0752
graph_idf,49284,7103,2,PAIR_0205
graph_idf,49284,21381,3,PAIR_0008
graph_idf,49284,24161,4,PAIR_0017
graph_idf,49284,12737,5,PAIR_0440
graph_idf,49284,27624,6,PAIR_0167
graph_idf,49284,43026,7,PAIR_0473
graph_idf,49284,6870,8,PAIR_0792
graph_idf,49284,13741,9,PAIR_0653
graph_idf,49284,5978,10,PAIR_0733
graph_idf,9641,47411,1,PAIR_0405
graph_idf,9641,40468,2,PAIR_0414
graph_idf,9641,41206,3,PAIR_0776
graph_idf,9641,43591,4,PAIR_0226
graph_idf,9641,41758,5,PAIR_0499
graph_idf,9641,8841,6,PAIR_0723
graph_idf,9641,17962,7,PAIR_0650
graph_idf,9641,43353,8,PAIR_0029
graph_idf,9641,42510,9,PAIR_0107
graph_idf,9641,15651,10,PAIR_0705
graph_idf,37138,14707,1,PAIR_0193
graph_idf,37138,28248,2,PAIR_0373
graph_idf,37138,43649,3,PAIR_0250
graph_idf,37138,36926,4,PAIR_0267
graph_idf,37138,24892,5,PAIR_0725
graph_idf,37138,47827,6,PAIR_0416
graph_idf,37138,14692,7,PAIR_0486
graph_idf,37138,36391,8,PAIR_0186
graph_idf,37138,47203,9,PAIR_0504
graph_idf,37138,46088,10,PAIR_0170
graph_idf,39815,48347,1,PAIR_0259
graph_idf,39815,15350,2,PAIR_0502
graph_idf,39815,12408,3,PAIR_0207
graph_idf,39815,12419,4,PAIR_0767
graph_idf,39815,19807,5,PAIR_0146
graph_idf,39815,27886,6,PAIR_0633
graph_idf,39815,710,7,PAIR_0224
graph_idf,39815,4746,8,PAIR_0208
graph_idf,39815,40035,9,PAIR_0515
graph_idf,39815,7684,10,PAIR_0015
graph_idf,35249,10054,1,PAIR_0027
graph_idf,35249,32368,2,PAIR_0249
graph_idf,35249,33452,3,PAIR_0038
graph_idf,35249,5845,4,PAIR_0288
graph_idf,35249,44798,5,PAIR_0389
graph_idf,35249,16325,6,PAIR_0320
graph_idf,35249,33657,7,PAIR_0178
graph_idf,35249,25197,8,PAIR_0685
graph_idf,35249,48358,9,PAIR_0625
graph_idf,35249,2974,10,PAIR_0353
graph_idf,30769,9274,1,PAIR_0166
graph_idf,30769,7838,2,PAIR_0045
graph_idf,30769,16078,3,PAIR_0766
graph_idf,30769,16924,4,PAIR_0104
graph_idf,30769,11334,5,PAIR_0137
graph_idf,30769,33656,6,PAIR_0720
graph_idf,30769,22103,7,PAIR_0654
graph_idf,30769,29410,8,PAIR_0507
graph_idf,30769,8240,9,PAIR_0701
graph_idf,30769,17811,10,PAIR_0757
graph_idf,17110,1905,1,PAIR_0184
graph_idf,17110,11963,2,PAIR_0255
graph_idf,17110,26069,3,PAIR_0692
graph_idf,17110,20286,4,PAIR_0441
graph_idf,17110,49748,5,PAIR_0378
graph_idf,17110,10001,6,PAIR_0663
graph_idf,17110,44217,7,PAIR_0091
graph_idf,17110,29653,8,PAIR_0683
graph_idf,17110,6336,9,PAIR_0765
graph_idf,17110,10853,10,PAIR_0490
graph_idf,14332,14707,1,PAIR_0270
graph_idf,14332,28248,2,PAIR_0252
graph_idf,14332,43649,3,PAIR_0054
graph_idf,14332,36926,4,PAIR_0430
graph_idf,14332,24892,5,PAIR_0061
graph_idf,14332,47827,6,PAIR_0130
graph_idf,14332,14692,7,PAIR_0468
graph_idf,14332,36391,8,PAIR_0409
graph_idf,14332,47203,9,PAIR_0229
graph_idf,14332,46088,10,PAIR_0694
graph_idf,8403,49900,1,PAIR_0690
graph_idf,8403,35544,2,PAIR_0474
graph_idf,8403,49200,3,PAIR_0542
graph_idf,8403,1869,4,PAIR_0670
graph_idf,8403,49343,5,PAIR_0275
graph_idf,8403,8031,6,PAIR_0372
graph_idf,8403,32345,7,PAIR_0366
graph_idf,8403,42550,8,PAIR_0310
graph_idf,8403,48812,9,PAIR_0330
graph_idf,8403,1231,10,PAIR_0240
graph_idf,27355,46717,1,PAIR_0619
graph_idf,27355,36502,2,PAIR_0407
graph_idf,27355,11626,3,PAIR_0385
graph_idf,27355,48071,4,PAIR_0360
graph_idf,27355,28155,5,PAIR_0592
graph_idf,27355,31118,6,PAIR_0210
graph_idf,27355,40053,7,PAIR_0085
graph_idf,27355,21992,8,PAIR_0638
graph_idf,27355,27692,9,PAIR_0646
graph_idf,27355,11475,10,PAIR_0580
graph_idf,47668,14707,1,PAIR_0118
graph_idf,47668,28248,2,PAIR_0645
graph_idf,47668,43649,3,PAIR_0346
graph_idf,47668,36926,4,PAIR_0457
graph_idf,47668,24892,5,PAIR_0800
graph_idf,47668,47827,6,PAIR_0615
graph_idf,47668,14692,7,PAIR_0590
graph_idf,47668,36391,8,PAIR_0540
graph_idf,47668,47203,9,PAIR_0221
graph_idf,47668,46088,10,PAIR_0164
graph_idf,25300,25625,1,PAIR_0446
graph_idf,25300,3681,2,PAIR_0611
graph_idf,25300,10357,3,PAIR_0189
graph_idf,25300,3353,4,PAIR_0094
graph_idf,25300,16893,5,PAIR_0093
graph_idf,25300,13615,6,PAIR_0755
graph_idf,25300,11321,7,PAIR_0715
graph_idf,25300,33888,8,PAIR_0227
graph_idf,25300,16963,9,PAIR_0357
graph_idf,25300,43655,10,PAIR_0080
graph_idf,33864,45718,1,PAIR_0781
graph_idf,33864,28949,2,PAIR_0732
graph_idf,33864,46683,3,PAIR_0083
graph_idf,33864,16834,4,PAIR_0172
graph_idf,33864,19823,5,PAIR_0769
graph_idf,33864,47592,6,PAIR_0415
graph_idf,33864,1087,7,PAIR_0156
graph_idf,33864,34799,8,PAIR_0149
graph_idf,33864,17377,9,PAIR_0746
graph_idf,33864,12483,10,PAIR_0333
graph_idf,39139,14707,1,PAIR_0222
graph_idf,39139,28248,2,PAIR_0484
graph_idf,39139,43649,3,PAIR_0472
graph_idf,39139,36926,4,PAIR_0594
graph_idf,39139,24892,5,PAIR_0601
graph_idf,39139,47827,6,PAIR_0162
graph_idf,39139,14692,7,PAIR_0006
graph_idf,39139,36391,8,PAIR_0060
graph_idf,39139,47203,9,PAIR_0241
graph_idf,39139,46088,10,PAIR_0334
graph_idf,14341,14362,1,PAIR_0770
graph_idf,14341,44347,2,PAIR_0647
graph_idf,14341,40868,3,PAIR_0025
graph_idf,14341,36591,4,PAIR_0158
graph_idf,14341,39959,5,PAIR_0070
graph_idf,14341,12430,6,PAIR_0747
graph_idf,14341,44418,7,PAIR_0336
graph_idf,14341,21568,8,PAIR_0557
graph_idf,14341,5506,9,PAIR_0048
graph_idf,14341,14737,10,PAIR_0140
graph_idf,27552,6870,1,PAIR_0609
graph_idf,27552,29501,2,PAIR_0113
graph_idf,27552,3184,3,PAIR_0257
graph_idf,27552,6836,4,PAIR_0661
graph_idf,27552,11855,5,PAIR_0161
graph_idf,27552,47525,6,PAIR_0783
graph_idf,27552,5619,7,PAIR_0487
graph_idf,27552,7919,8,PAIR_0111
graph_idf,27552,32327,9,PAIR_0109
graph_idf,27552,3318,10,PAIR_0291
graph_idf,21523,14362,1,PAIR_0037
graph_idf,21523,44347,2,PAIR_0196
graph_idf,21523,40868,3,PAIR_0047
graph_idf,21523,36591,4,PAIR_0316
graph_idf,21523,39959,5,PAIR_0232
graph_idf,21523,12430,6,PAIR_0779
graph_idf,21523,44418,7,PAIR_0429
graph_idf,21523,21568,8,PAIR_0150
graph_idf,21523,5506,9,PAIR_0031
graph_idf,21523,14737,10,PAIR_0301
graph_idf,11850,14362,1,PAIR_0041
graph_idf,11850,44347,2,PAIR_0613
graph_idf,11850,40868,3,PAIR_0748
graph_idf,11850,36591,4,PAIR_0078
graph_idf,11850,39959,5,PAIR_0314
graph_idf,11850,12430,6,PAIR_0391
graph_idf,11850,44418,7,PAIR_0215
graph_idf,11850,21568,8,PAIR_0368
graph_idf,11850,5506,9,PAIR_0313
graph_idf,11850,14737,10,PAIR_0809
graph_idf,27626,7129,1,PAIR_0216
graph_idf,27626,37796,2,PAIR_0462
graph_idf,27626,3564,3,PAIR_0708
graph_idf,27626,2947,4,PAIR_0697
graph_idf,27626,9274,5,PAIR_0192
graph_idf,27626,2491,6,PAIR_0397
graph_idf,27626,7838,7,PAIR_0295
graph_idf,27626,16078,8,PAIR_0356
graph_idf,27626,26299,9,PAIR_0268
graph_idf,27626,5106,10,PAIR_0081
