node_type,count,mean,std,min,25%,50%,75%,max
asset_mention,168.0,281.6547619047619,189.26267233362506,1.0,265.0,286.5,349.25,848.0
component,18.0,4454.833333333333,3793.9933990143827,203.0,1883.5,3448.5,5813.75,13676.0
equipment,9400.0,5.059574468085106,4.402683199242969,1.0,2.0,4.0,6.0,35.0
equipment_type,9.0,3526.0,2217.009472239575,832.0,1752.0,2985.0,4707.0,7845.0
failure_mode,8.0,2245.625,1660.2890400254323,562.0,816.5,2106.5,3166.25,5311.0
maintenance_action,13.0,10744.153846153846,12207.844928884553,712.0,2799.0,4983.0,10544.0,33314.0
maintenance_type,74.0,644.1081081081081,2067.268322429302,1.0,6.25,11.0,16.75,8470.0
order_type,8.0,5958.5,10500.015523798049,2.0,3.75,5.5,6580.25,25701.0
work_order,48613.0,9.45775821282373,2.907925292879731,2.0,8.0,9.0,11.0,384.0
