node_id,degree,node_type,label
maintenance_action:test,33314,maintenance_action,test
maintenance_action:inspect,30851,maintenance_action,inspect
maintenance_action:replace,30846,maintenance_action,replace
order_type:CM,25701,order_type,CM
order_type:PM,19760,order_type,PM
component:pump,13676,component,pump
component:bearing,10842,component,bearing
maintenance_action:clean,10544,maintenance_action,clean
component:seal,9930,component,seal
maintenance_type:CM01,8470,maintenance_type,CM01
maintenance_type:CM03,8432,maintenance_type,CM03
maintenance_type:CM02,8363,maintenance_type,CM02
equipment_type:centrifugal_pump,7845,equipment_type,centrifugal_pump
maintenance_action:isolate,7534,maintenance_action,isolate
component:valve,7235,component,valve
maintenance_type:PM02,6964,maintenance_type,PM02
maintenance_type:PM01,6585,maintenance_type,PM01
component:motor,6134,component,motor
maintenance_type:PM03,5967,maintenance_type,PM03
equipment_type:motor,5376,equipment_type,motor
