split,method,hit@1,hit@5,hit@10,hit@20,hit@50,mrr@10,mrr@50
Equipment-disjoint,Graph context,0.9873333333333333,0.996,0.9993333333333333,0.9993333333333333,1.0,0.9915433862433862,0.9915736892736893
Equipment-disjoint,Hybrid RRF,1.0,1.0,1.0,1.0,1.0,1.0,1.0
Equipment-disjoint,Prior,0.23333333333333334,0.23333333333333334,0.23333333333333334,0.23333333333333334,0.23333333333333334,0.23333333333333334,0.23333333333333334
Equipment-disjoint,TF-IDF,1.0,1.0,1.0,1.0,1.0,1.0,1.0
Random,Graph context,0.988,0.9966666666666667,0.998,0.9986666666666667,0.9986666666666667,0.9916888888888888,0.991736507936508
Random,Hybrid RRF,0.998,1.0,1.0,1.0,1.0,0.9986666666666667,0.9986666666666667
Random,Prior,0.25866666666666666,0.25866666666666666,0.25866666666666666,0.25866666666666666,0.25866666666666666,0.25866666666666666,0.25866666666666666
Random,TF-IDF,0.9993333333333333,1.0,1.0,1.0,1.0,0.9996666666666667,0.9996666666666667
Template-disjoint,Graph context,0.914,0.99,0.99,0.9946666666666667,1.0,0.9337333333333333,0.9341567983020616
Template-disjoint,Hybrid RRF,0.976,1.0,1.0,1.0,1.0,0.9878888888888888,0.9878888888888888
Template-disjoint,Prior,0.018,0.018,0.018,0.018,0.018,0.018,0.018
Template-disjoint,TF-IDF,0.9993333333333333,1.0,1.0,1.0,1.0,0.9996666666666667,0.9996666666666667
