method,query_id,review_split,precision_at_10,pooled_ndcg_at_10,unsafe_fraction,uncertain_fraction
character,97,development,0.9,0.8899541168509599,0.0,1.0
character,4916,development,0.3,1.0,0.0,1.0
character,5341,development,0.9,0.914856882358379,0.0,1.0
character,7912,confirmation,1.0,1.0,0.0,1.0
character,8403,confirmation,1.0,1.0,0.0,1.0
character,9641,confirmation,1.0,1.0,0.0,1.0
character,11850,confirmation,1.0,1.0,0.0,1.0
character,13434,development,1.0,1.0,0.0,1.0
character,13527,development,1.0,1.0,0.0,1.0
character,14332,confirmation,1.0,1.0,0.0,1.0
character,14341,confirmation,0.9,0.914856882358379,0.0,1.0
character,17110,confirmation,1.0,1.0,0.0,1.0
character,17866,development,0.9,1.0,0.0,1.0
character,18745,development,1.0,1.0,0.0,1.0
character,21523,confirmation,1.0,1.0,0.0,1.0
character,23821,development,1.0,1.0,0.0,1.0
character,25300,confirmation,1.0,1.0,0.0,1.0
character,25488,development,0.9,0.9305687780632227,0.0,1.0
character,25805,development,1.0,1.0,0.0,1.0
character,26709,development,0.9,0.9778537632415402,0.0,1.0
character,27355,confirmation,0.6,0.8900623623417458,0.0,1.0
character,27552,confirmation,1.0,1.0,0.0,1.0
character,27626,confirmation,1.0,1.0,0.0,1.0
character,29812,development,1.0,1.0,0.0,1.0
character,30769,confirmation,1.0,1.0,0.0,1.0
character,33864,confirmation,1.0,1.0,0.0,1.0
character,34019,development,1.0,1.0,0.0,1.0
character,35249,confirmation,1.0,1.0,0.0,1.0
character,36716,development,0.9,0.9778537632415402,0.0,1.0
character,37138,confirmation,0.6,0.9668870482102115,0.0,1.0
character,37570,development,0.9,0.9216017310213247,0.0,1.0
character,39139,confirmation,0.6,0.9418269079424384,0.0,1.0
character,39815,confirmation,1.0,1.0,0.0,1.0
character,40314,development,1.0,1.0,0.0,1.0
character,42835,development,1.0,1.0,0.0,1.0
character,46084,development,0.8,1.0,0.0,1.0
character,47668,confirmation,1.0,1.0,0.0,1.0
character,49284,confirmation,1.0,1.0,0.0,1.0
character,49782,development,0.7,1.0,0.0,1.0
character,49891,development,1.0,1.0,0.0,1.0
graph_idf,97,development,0.5,0.7102467616044825,0.0,1.0
graph_idf,4916,development,0.0,0.0,0.0,1.0
graph_idf,5341,development,0.4,0.6815552112418799,0.0,1.0
graph_idf,7912,confirmation,0.4,0.3128047789019753,0.0,1.0
graph_idf,8403,confirmation,1.0,1.0,0.0,1.0
graph_idf,9641,confirmation,0.2,0.2489083270225946,0.0,1.0
graph_idf,11850,confirmation,0.1,0.0636207881989517,0.0,1.0
graph_idf,13434,development,0.0,0.0,0.0,1.0
graph_idf,13527,development,1.0,1.0,0.0,1.0
graph_idf,14332,confirmation,0.0,0.026132756326225113,0.0,1.0
graph_idf,14341,confirmation,0.4,0.6815552112418799,0.0,1.0
graph_idf,17110,confirmation,1.0,1.0,0.0,1.0
graph_idf,17866,development,0.0,0.0,0.0,1.0
graph_idf,18745,development,0.1,0.34672009476230276,0.0,1.0
graph_idf,21523,confirmation,0.1,0.0636207881989517,0.0,1.0
graph_idf,23821,development,1.0,1.0,0.0,1.0
graph_idf,25300,confirmation,0.5,0.3510684246681534,0.0,1.0
graph_idf,25488,development,0.2,0.16354138662029633,0.0,1.0
graph_idf,25805,development,0.2,0.44879108889881736,0.0,1.0
graph_idf,26709,development,0.9,1.0,0.0,1.0
graph_idf,27355,confirmation,0.0,0.0,0.0,1.0
graph_idf,27552,confirmation,0.3,0.42492601381667106,0.0,1.0
graph_idf,27626,confirmation,0.1,0.25418370935113094,0.0,1.0
graph_idf,29812,development,1.0,1.0,0.0,1.0
graph_idf,30769,confirmation,0.0,0.0,0.0,1.0
graph_idf,33864,confirmation,0.1,0.07336392209936006,0.0,1.0
graph_idf,34019,development,0.0,0.0,0.0,1.0
graph_idf,35249,confirmation,1.0,1.0,0.0,1.0
graph_idf,36716,development,0.9,1.0,0.0,1.0
graph_idf,37138,confirmation,0.0,0.0,0.0,1.0
graph_idf,37570,development,0.4,0.538431315257452,0.0,1.0
graph_idf,39139,confirmation,0.0,0.0,0.0,1.0
graph_idf,39815,confirmation,0.1,0.085143117641621,0.0,1.0
graph_idf,40314,development,0.9,0.7799082337019199,0.0,1.0
graph_idf,42835,development,0.1,0.25418370935113094,0.0,1.0
graph_idf,46084,development,0.1,0.20443837315766764,0.0,1.0
graph_idf,47668,confirmation,0.0,0.0,0.0,1.0
graph_idf,49284,confirmation,0.3,0.4921438339662672,0.0,1.0
graph_idf,49782,development,0.0,0.0,0.0,1.0
graph_idf,49891,development,0.0,0.0,0.0,1.0
word,97,development,0.9,0.92663607790064,0.0,1.0
word,4916,development,0.3,1.0,0.0,1.0
word,5341,development,0.9,0.933745776545611,0.0,1.0
word,7912,confirmation,1.0,1.0,0.0,1.0
word,8403,confirmation,1.0,1.0,0.0,1.0
word,9641,confirmation,1.0,1.0,0.0,1.0
word,11850,confirmation,1.0,1.0,0.0,1.0
word,13434,development,1.0,1.0,0.0,1.0
word,13527,development,1.0,1.0,0.0,1.0
word,14332,confirmation,0.7,0.7411832347856643,0.0,1.0
word,14341,confirmation,0.9,0.933745776545611,0.0,1.0
word,17110,confirmation,1.0,1.0,0.0,1.0
word,17866,development,0.8,0.9538741420719156,0.0,1.0
word,18745,development,1.0,1.0,0.0,1.0
word,21523,confirmation,1.0,1.0,0.0,1.0
word,23821,development,1.0,1.0,0.0,1.0
word,25300,confirmation,1.0,1.0,0.0,1.0
word,25488,development,1.0,1.0,0.0,1.0
word,25805,development,1.0,1.0,0.0,1.0
word,26709,development,0.9,0.9778537632415402,0.0,1.0
word,27355,confirmation,0.6,0.9252809641602765,0.0,1.0
word,27552,confirmation,1.0,1.0,0.0,1.0
word,27626,confirmation,1.0,1.0,0.0,1.0
word,29812,development,1.0,1.0,0.0,1.0
word,30769,confirmation,1.0,1.0,0.0,1.0
word,33864,confirmation,1.0,1.0,0.0,1.0
word,34019,development,1.0,1.0,0.0,1.0
word,35249,confirmation,1.0,1.0,0.0,1.0
word,36716,development,0.9,0.9778537632415402,0.0,1.0
word,37138,confirmation,0.6,0.9668870482102115,0.0,1.0
word,37570,development,0.9,0.9052116356304494,0.0,1.0
word,39139,confirmation,0.6,1.0,0.0,1.0
word,39815,confirmation,1.0,1.0,0.0,1.0
word,40314,development,0.9,0.7799082337019199,0.0,1.0
word,42835,development,1.0,1.0,0.0,1.0
word,46084,development,0.7,0.8765920334495382,0.0,1.0
word,47668,confirmation,1.0,1.0,0.0,1.0
word,49284,confirmation,1.0,1.0,0.0,1.0
word,49782,development,0.7,0.9987145529487794,0.0,1.0
word,49891,development,1.0,1.0,0.0,1.0
