query_id,n_candidates,self_matches,same_work_order_matches,same_template_matches
6,36683,0,0,0
92,36840,0,0,0
146,36911,0,0,0
192,36950,0,0,0
260,36918,0,0,0
282,36928,0,0,0
322,36555,0,0,0
332,36432,0,0,0
333,36755,0,0,0
334,36524,0,0,0
342,36927,0,0,0
347,36781,0,0,0
351,36914,0,0,0
353,36405,0,0,0
408,36542,0,0,0
409,36875,0,0,0
436,36786,0,0,0
475,36793,0,0,0
561,37020,0,0,0
570,36902,0,0,0
594,36667,0,0,0
600,36461,0,0,0
601,36830,0,0,0
622,36667,0,0,0
636,36729,0,0,0
640,36831,0,0,0
645,36889,0,0,0
673,36906,0,0,0
697,36438,0,0,0
725,36370,0,0,0
738,36667,0,0,0
739,36934,0,0,0
767,36918,0,0,0
786,36858,0,0,0
831,36542,0,0,0
877,36754,0,0,0
939,36438,0,0,0
1077,37034,0,0,0
1094,36918,0,0,0
1105,36908,0,0,0
1129,36723,0,0,0
1134,36896,0,0,0
1187,36911,0,0,0
1189,36869,0,0,0
1210,37034,0,0,0
1221,36794,0,0,0
1232,36895,0,0,0
1237,36405,0,0,0
1316,36901,0,0,0
1327,36808,0,0,0
1329,36904,0,0,0
1343,36927,0,0,0
1353,36781,0,0,0
1396,36901,0,0,0
1416,36902,0,0,0
1418,36370,0,0,0
1451,36915,0,0,0
1480,36438,0,0,0
1488,36545,0,0,0
1499,36902,0,0,0
1504,36913,0,0,0
1551,36858,0,0,0
1577,36755,0,0,0
1585,36901,0,0,0
1630,36766,0,0,0
1639,36555,0,0,0
1647,37020,0,0,0
1661,36901,0,0,0
1700,36535,0,0,0
1710,36784,0,0,0
1719,36951,0,0,0
1788,36433,0,0,0
1789,36494,0,0,0
1814,36723,0,0,0
1821,36847,0,0,0
1861,36847,0,0,0
1865,36837,0,0,0
1873,36432,0,0,0
1898,36914,0,0,0
1901,36555,0,0,0
1983,36542,0,0,0
2010,37034,0,0,0
2029,36906,0,0,0
2043,37034,0,0,0
2058,37034,0,0,0
2090,36394,0,0,0
2128,36461,0,0,0
2130,36537,0,0,0
2133,36837,0,0,0
2146,36729,0,0,0
2152,36545,0,0,0
2165,36906,0,0,0
2288,36683,0,0,0
2293,36433,0,0,0
2307,36394,0,0,0
2356,36436,0,0,0
2392,36743,0,0,0
2422,36755,0,0,0
2433,36911,0,0,0
2458,36405,0,0,0
2530,36755,0,0,0
2575,36788,0,0,0
2611,36912,0,0,0
2676,36370,0,0,0
2684,36934,0,0,0
2685,36915,0,0,0
2706,36788,0,0,0
2716,36794,0,0,0
2783,36853,0,0,0
2810,37027,0,0,0
2847,36896,0,0,0
2855,36784,0,0,0
2858,36542,0,0,0
2890,36853,0,0,0
2908,36438,0,0,0
2922,36542,0,0,0
2932,37024,0,0,0
2936,36918,0,0,0
2989,36433,0,0,0
3121,36535,0,0,0
3147,36405,0,0,0
3183,36769,0,0,0
3218,36934,0,0,0
3224,36755,0,0,0
3226,36911,0,0,0
3240,36918,0,0,0
3320,36788,0,0,0
3380,36901,0,0,0
3505,37034,0,0,0
3525,36432,0,0,0
3541,36794,0,0,0
3595,36555,0,0,0
3608,37034,0,0,0
3611,36934,0,0,0
3651,36535,0,0,0
3662,36902,0,0,0
3683,36723,0,0,0
3709,36438,0,0,0
3737,37034,0,0,0
3818,36937,0,0,0
3855,36537,0,0,0
3886,36461,0,0,0
3903,36815,0,0,0
3918,36524,0,0,0
3956,36461,0,0,0
3958,36524,0,0,0
4316,37013,0,0,0
4326,36370,0,0,0
4351,36416,0,0,0
4353,36918,0,0,0
4461,36900,0,0,0
4476,36935,0,0,0
4485,36930,0,0,0
4494,36902,0,0,0
4500,37034,0,0,0
4531,36370,0,0,0
4551,36909,0,0,0
4591,36776,0,0,0
4628,36921,0,0,0
4737,36729,0,0,0
4777,37033,0,0,0
4857,36394,0,0,0
4883,36903,0,0,0
4902,36731,0,0,0
4985,36933,0,0,0
5026,36529,0,0,0
5040,36776,0,0,0
5143,36394,0,0,0
5151,36909,0,0,0
5159,36394,0,0,0
5209,36433,0,0,0
5223,36898,0,0,0
5298,36901,0,0,0
5305,37034,0,0,0
5322,36461,0,0,0
5401,36914,0,0,0
5407,36791,0,0,0
5451,36815,0,0,0
5468,36433,0,0,0
5549,36784,0,0,0
5604,36906,0,0,0
5616,37034,0,0,0
5683,36555,0,0,0
5692,37034,0,0,0
5765,36949,0,0,0
5786,36888,0,0,0
5846,37029,0,0,0
5859,36545,0,0,0
5886,37030,0,0,0
5934,36911,0,0,0
5947,36461,0,0,0
5983,36760,0,0,0
6007,36723,0,0,0
6019,36900,0,0,0
6028,36905,0,0,0
6072,36918,0,0,0
6152,36928,0,0,0
6162,36781,0,0,0
6210,36936,0,0,0
6215,36920,0,0,0
6265,36791,0,0,0
6283,36537,0,0,0
6304,36930,0,0,0
6309,36848,0,0,0
6343,37031,0,0,0
6363,36791,0,0,0
6431,36930,0,0,0
6450,36837,0,0,0
6544,36808,0,0,0
6573,36542,0,0,0
6626,36837,0,0,0
6649,36416,0,0,0
6663,36776,0,0,0
6760,36427,0,0,0
6765,36930,0,0,0
6803,36743,0,0,0
6807,36815,0,0,0
6832,36370,0,0,0
6835,36911,0,0,0
6867,36927,0,0,0
6883,36934,0,0,0
6978,36680,0,0,0
7064,36427,0,0,0
7091,36920,0,0,0
7093,36760,0,0,0
7124,36433,0,0,0
7202,36766,0,0,0
7224,36861,0,0,0
7232,36869,0,0,0
7257,36919,0,0,0
7271,36901,0,0,0
7299,36835,0,0,0
7353,36461,0,0,0
7359,36438,0,0,0
7362,36542,0,0,0
7422,36766,0,0,0
7432,37034,0,0,0
7457,37023,0,0,0
7480,36916,0,0,0
7520,37030,0,0,0
7546,36827,0,0,0
7553,36950,0,0,0
7573,36827,0,0,0
7590,36776,0,0,0
7639,36920,0,0,0
7686,36915,0,0,0
7709,36729,0,0,0
7721,36529,0,0,0
7726,36991,0,0,0
7753,36935,0,0,0
7798,36545,0,0,0
7812,37019,0,0,0
7862,36869,0,0,0
7885,36799,0,0,0
7930,36927,0,0,0
7942,36394,0,0,0
7952,36680,0,0,0
7981,36545,0,0,0
8038,36925,0,0,0
8057,36898,0,0,0
8098,36535,0,0,0
8107,36781,0,0,0
8226,36848,0,0,0
8303,36835,0,0,0
8310,36529,0,0,0
8360,37032,0,0,0
8423,37034,0,0,0
8455,36438,0,0,0
8612,36922,0,0,0
8621,36405,0,0,0
8643,36912,0,0,0
8709,36902,0,0,0
8748,36853,0,0,0
8796,36542,0,0,0
8811,36416,0,0,0
8817,36405,0,0,0
8863,36394,0,0,0
8908,36436,0,0,0
8932,36827,0,0,0
8979,36831,0,0,0
9144,36915,0,0,0
9154,36405,0,0,0
9244,36542,0,0,0
9288,36750,0,0,0
9355,36930,0,0,0
9384,36922,0,0,0
9389,36529,0,0,0
9398,36524,0,0,0
9448,36902,0,0,0
9572,36858,0,0,0
9615,36776,0,0,0
9682,36537,0,0,0
9696,36915,0,0,0
9700,36951,0,0,0
9702,37034,0,0,0
9711,36934,0,0,0
9714,36667,0,0,0
9762,36914,0,0,0
9768,37033,0,0,0
9806,36912,0,0,0
9892,36433,0,0,0
9896,37034,0,0,0
9909,36433,0,0,0
9920,36394,0,0,0
9921,36438,0,0,0
9928,36837,0,0,0
9947,37034,0,0,0
10079,36416,0,0,0
10118,36765,0,0,0
10130,36723,0,0,0
10191,36827,0,0,0
10199,37032,0,0,0
10204,36794,0,0,0
10213,36799,0,0,0
10223,36934,0,0,0
10252,36394,0,0,0
10263,36915,0,0,0
10269,36914,0,0,0
10344,36545,0,0,0
10380,36524,0,0,0
10421,36912,0,0,0
10444,36781,0,0,0
10454,36930,0,0,0
10473,36432,0,0,0
10493,36683,0,0,0
10526,36433,0,0,0
10575,36416,0,0,0
10590,36667,0,0,0
10608,37028,0,0,0
10627,36461,0,0,0
10630,36794,0,0,0
10632,36405,0,0,0
10647,37030,0,0,0
10704,36911,0,0,0
10755,36911,0,0,0
10780,36427,0,0,0
10789,37034,0,0,0
10825,36765,0,0,0
10828,36545,0,0,0
10932,37034,0,0,0
10939,36933,0,0,0
10966,36729,0,0,0
10970,36912,0,0,0
10981,36837,0,0,0
11002,36934,0,0,0
11009,36524,0,0,0
11068,36904,0,0,0
11101,36784,0,0,0
11149,36394,0,0,0
11165,37034,0,0,0
11173,36755,0,0,0
11200,36847,0,0,0
11221,36535,0,0,0
11278,36432,0,0,0
11282,36537,0,0,0
11372,36461,0,0,0
11373,36934,0,0,0
11385,36919,0,0,0
11400,36370,0,0,0
11403,36788,0,0,0
11458,36786,0,0,0
11467,36919,0,0,0
11474,36848,0,0,0
11580,36755,0,0,0
11584,36915,0,0,0
11622,36545,0,0,0
11673,36904,0,0,0
11701,36680,0,0,0
11713,36922,0,0,0
11820,36935,0,0,0
11917,36877,0,0,0
11959,36405,0,0,0
11974,36545,0,0,0
11997,36427,0,0,0
12047,36827,0,0,0
12076,36913,0,0,0
12080,36916,0,0,0
12214,36436,0,0,0
12238,36877,0,0,0
12262,36370,0,0,0
12303,36875,0,0,0
12316,36904,0,0,0
12330,36432,0,0,0
12340,36901,0,0,0
12437,36750,0,0,0
12449,36545,0,0,0
12468,37034,0,0,0
12503,36916,0,0,0
12519,36433,0,0,0
12533,37034,0,0,0
12567,36436,0,0,0
12738,36537,0,0,0
12757,36912,0,0,0
12850,36394,0,0,0
12890,36915,0,0,0
12907,36427,0,0,0
13027,36909,0,0,0
13073,36934,0,0,0
13091,36542,0,0,0
13158,37034,0,0,0
13168,36542,0,0,0
13229,36750,0,0,0
13233,36433,0,0,0
13319,36933,0,0,0
13337,36913,0,0,0
13346,36438,0,0,0
13409,36436,0,0,0
13481,36933,0,0,0
13541,36755,0,0,0
13562,36743,0,0,0
13581,36921,0,0,0
13585,36436,0,0,0
13607,36906,0,0,0
13643,37027,0,0,0
13651,36438,0,0,0
13657,36906,0,0,0
13752,36901,0,0,0
13836,36895,0,0,0
13839,36781,0,0,0
13880,36916,0,0,0
13883,37034,0,0,0
13906,36848,0,0,0
13931,36683,0,0,0
13941,36394,0,0,0
13956,36793,0,0,0
14052,36912,0,0,0
14122,36461,0,0,0
14132,36545,0,0,0
14140,37034,0,0,0
14188,36912,0,0,0
14229,36754,0,0,0
14243,36405,0,0,0
14298,36370,0,0,0
14339,36545,0,0,0
14428,36934,0,0,0
14483,36432,0,0,0
14520,36666,0,0,0
14639,36931,0,0,0
14660,36902,0,0,0
14683,36922,0,0,0
14784,36529,0,0,0
14788,36436,0,0,0
14805,37034,0,0,0
14820,36936,0,0,0
14870,36898,0,0,0
14892,36436,0,0,0
14904,36788,0,0,0
14930,36461,0,0,0
15041,36827,0,0,0
15044,36931,0,0,0
15050,36936,0,0,0
15084,37034,0,0,0
15103,36916,0,0,0
15169,36416,0,0,0
15181,36920,0,0,0
15232,36542,0,0,0
15318,36769,0,0,0
15368,36754,0,0,0
15413,36921,0,0,0
15416,37027,0,0,0
15453,36902,0,0,0
15472,36555,0,0,0
15481,36370,0,0,0
15524,36667,0,0,0
15539,36416,0,0,0
15619,36898,0,0,0
15677,36524,0,0,0
15721,36902,0,0,0
15723,37034,0,0,0
15728,36937,0,0,0
15775,36545,0,0,0
15786,36906,0,0,0
15844,36933,0,0,0
15915,36815,0,0,0
15938,36542,0,0,0
16020,36529,0,0,0
16042,37034,0,0,0
16055,36755,0,0,0
16059,36901,0,0,0
16087,36436,0,0,0
16118,37034,0,0,0
16133,36869,0,0,0
16181,36719,0,0,0
16182,36781,0,0,0
16188,36915,0,0,0
16193,36927,0,0,0
16199,36680,0,0,0
16257,36901,0,0,0
16258,36847,0,0,0
16296,36922,0,0,0
16316,36936,0,0,0
16375,36901,0,0,0
16402,36427,0,0,0
16416,36794,0,0,0
16474,36542,0,0,0
16476,36906,0,0,0
16485,37034,0,0,0
16515,36755,0,0,0
16519,36535,0,0,0
16601,36438,0,0,0
16726,36765,0,0,0
16768,37034,0,0,0
16778,36858,0,0,0
16793,36918,0,0,0
16825,37031,0,0,0
16858,37031,0,0,0
16901,36394,0,0,0
16961,36786,0,0,0
16982,36781,0,0,0
16990,36542,0,0,0
17021,36934,0,0,0
17112,36976,0,0,0
17123,36433,0,0,0
17154,36524,0,0,0
17173,36680,0,0,0
17180,36781,0,0,0
17184,36765,0,0,0
17203,36529,0,0,0
17283,36436,0,0,0
17299,36529,0,0,0
17308,36875,0,0,0
17318,36837,0,0,0
17326,36427,0,0,0
17332,36835,0,0,0
17347,36904,0,0,0
17349,36776,0,0,0
17369,36494,0,0,0
17380,36888,0,0,0
17385,36781,0,0,0
17394,36794,0,0,0
17467,36729,0,0,0
17592,36542,0,0,0
17597,36976,0,0,0
17620,36794,0,0,0
17653,36827,0,0,0
17664,36405,0,0,0
17690,36394,0,0,0
17749,36461,0,0,0
17843,36370,0,0,0
17864,36815,0,0,0
17884,36848,0,0,0
17924,36827,0,0,0
17985,36919,0,0,0
18060,36898,0,0,0
18071,36405,0,0,0
18093,36555,0,0,0
18101,36877,0,0,0
18176,36918,0,0,0
18184,36912,0,0,0
18230,36919,0,0,0
18250,36904,0,0,0
18256,36808,0,0,0
18291,36913,0,0,0
18354,36920,0,0,0
18355,36914,0,0,0
18369,36427,0,0,0
18394,36849,0,0,0
18437,36781,0,0,0
18441,36494,0,0,0
18451,36861,0,0,0
18477,37025,0,0,0
18535,36494,0,0,0
18548,36537,0,0,0
18598,36755,0,0,0
18648,37034,0,0,0
18671,36927,0,0,0
18730,36427,0,0,0
18741,36925,0,0,0
18751,36920,0,0,0
18790,36494,0,0,0
18799,36755,0,0,0
18815,36766,0,0,0
18818,36461,0,0,0
18848,36667,0,0,0
18890,36370,0,0,0
18951,36827,0,0,0
19249,36909,0,0,0
19272,36786,0,0,0
19351,36667,0,0,0
19463,36909,0,0,0
19467,36755,0,0,0
19469,36680,0,0,0
19494,36827,0,0,0
19546,36901,0,0,0
19676,36427,0,0,0
19693,36808,0,0,0
19704,36666,0,0,0
19732,36937,0,0,0
19754,36729,0,0,0
19881,36542,0,0,0
19968,37027,0,0,0
20016,36835,0,0,0
20085,36461,0,0,0
20097,36836,0,0,0
20102,36433,0,0,0
20114,36427,0,0,0
20158,36924,0,0,0
20168,36683,0,0,0
20316,36915,0,0,0
20360,36524,0,0,0
20385,36438,0,0,0
20390,37034,0,0,0
20406,36793,0,0,0
20472,37034,0,0,0
20473,36915,0,0,0
20500,37034,0,0,0
20539,36793,0,0,0
20559,36901,0,0,0
20563,37034,0,0,0
20587,36936,0,0,0
20614,36793,0,0,0
20622,36545,0,0,0
20717,36370,0,0,0
20723,36924,0,0,0
20725,36840,0,0,0
20730,36743,0,0,0
20873,36370,0,0,0
20887,36555,0,0,0
20920,36916,0,0,0
20921,36416,0,0,0
20998,36542,0,0,0
21018,36535,0,0,0
21042,37031,0,0,0
21045,36667,0,0,0
21054,36545,0,0,0
21055,36830,0,0,0
21148,36769,0,0,0
21159,36438,0,0,0
21194,36781,0,0,0
21259,36666,0,0,0
21271,36896,0,0,0
21306,36370,0,0,0
21364,36438,0,0,0
21389,36836,0,0,0
21505,36529,0,0,0
21519,36912,0,0,0
21532,36542,0,0,0
21539,36394,0,0,0
21598,36794,0,0,0
21605,36909,0,0,0
21661,36545,0,0,0
21662,36912,0,0,0
21689,36912,0,0,0
21698,37034,0,0,0
21815,36542,0,0,0
21828,36930,0,0,0
21914,36433,0,0,0
21945,36370,0,0,0
22050,36760,0,0,0
22106,36719,0,0,0
22113,36793,0,0,0
22164,36907,0,0,0
22171,36877,0,0,0
22253,36896,0,0,0
22283,36901,0,0,0
22289,36545,0,0,0
22294,36913,0,0,0
22331,36920,0,0,0
22360,36837,0,0,0
22391,37004,0,0,0
22407,36877,0,0,0
22433,36786,0,0,0
22461,36793,0,0,0
22570,36888,0,0,0
22599,36889,0,0,0
22657,37034,0,0,0
22658,36427,0,0,0
22714,36905,0,0,0
22716,36524,0,0,0
22844,36799,0,0,0
22859,36427,0,0,0
22864,36861,0,0,0
22875,36731,0,0,0
22900,36904,0,0,0
22904,36915,0,0,0
22959,36901,0,0,0
22984,36394,0,0,0
22992,36433,0,0,0
23008,36755,0,0,0
23048,36837,0,0,0
23058,36781,0,0,0
23074,36981,0,0,0
23105,36432,0,0,0
23173,36901,0,0,0
23184,36788,0,0,0
23309,37034,0,0,0
23327,36902,0,0,0
23370,36427,0,0,0
23377,36934,0,0,0
23403,36461,0,0,0
23462,36436,0,0,0
23502,36731,0,0,0
23512,37030,0,0,0
23519,36537,0,0,0
23526,36433,0,0,0
23528,36952,0,0,0
23535,37034,0,0,0
23547,36919,0,0,0
23554,36781,0,0,0
23585,36535,0,0,0
23605,36432,0,0,0
23688,36791,0,0,0
23709,36436,0,0,0
23736,36937,0,0,0
23785,36432,0,0,0
23800,36981,0,0,0
23819,36827,0,0,0
23839,36776,0,0,0
23847,36537,0,0,0
23849,36848,0,0,0
23858,37034,0,0,0
23862,36918,0,0,0
23863,36877,0,0,0
23869,37034,0,0,0
23974,36438,0,0,0
24037,36537,0,0,0
24091,36416,0,0,0
24095,36719,0,0,0
24165,36542,0,0,0
24183,37034,0,0,0
24203,37034,0,0,0
24274,36542,0,0,0
24288,37034,0,0,0
24306,36914,0,0,0
24308,37033,0,0,0
24340,37034,0,0,0
24346,36781,0,0,0
24381,36835,0,0,0
24396,36760,0,0,0
24461,36788,0,0,0
24486,36667,0,0,0
24542,36877,0,0,0
24545,36416,0,0,0
24551,36438,0,0,0
24623,36911,0,0,0
24649,36555,0,0,0
24715,36405,0,0,0
24743,36831,0,0,0
24765,36901,0,0,0
24775,36901,0,0,0
24829,36370,0,0,0
24914,36542,0,0,0
24916,36915,0,0,0
24919,36907,0,0,0
24926,36911,0,0,0
24934,36743,0,0,0
24994,36933,0,0,0
25020,36875,0,0,0
25102,36934,0,0,0
25114,36461,0,0,0
25136,36461,0,0,0
25211,37013,0,0,0
25253,36667,0,0,0
25259,36921,0,0,0
25282,36933,0,0,0
25297,36394,0,0,0
25323,36667,0,0,0
25361,36535,0,0,0
25392,36405,0,0,0
25428,36930,0,0,0
25452,36918,0,0,0
25505,36542,0,0,0
25524,36545,0,0,0
25573,37034,0,0,0
25585,36848,0,0,0
25596,36800,0,0,0
25607,36494,0,0,0
25614,36919,0,0,0
25648,36914,0,0,0
25658,37025,0,0,0
25699,36370,0,0,0
25777,36791,0,0,0
25806,36784,0,0,0
25813,36902,0,0,0
25885,36847,0,0,0
25934,36436,0,0,0
25936,36370,0,0,0
25950,36900,0,0,0
26084,36542,0,0,0
26125,37034,0,0,0
26127,37034,0,0,0
26193,36930,0,0,0
26271,36405,0,0,0
26302,36535,0,0,0
26303,36902,0,0,0
26384,36922,0,0,0
26404,36916,0,0,0
26467,36902,0,0,0
26568,36719,0,0,0
26594,36916,0,0,0
26640,37034,0,0,0
26667,36529,0,0,0
26680,37034,0,0,0
26725,36461,0,0,0
26727,36931,0,0,0
26735,36432,0,0,0
26791,36984,0,0,0
26839,37034,0,0,0
26888,36436,0,0,0
26907,36542,0,0,0
26990,36908,0,0,0
27027,36438,0,0,0
27105,36729,0,0,0
27108,36529,0,0,0
27151,36680,0,0,0
27188,36535,0,0,0
27258,36494,0,0,0
27265,36416,0,0,0
27273,36405,0,0,0
27328,36933,0,0,0
27391,36731,0,0,0
27399,36438,0,0,0
27431,36907,0,0,0
27447,36537,0,0,0
27463,36922,0,0,0
27500,36918,0,0,0
27565,37032,0,0,0
27568,36875,0,0,0
27618,36901,0,0,0
27639,36902,0,0,0
27644,36848,0,0,0
27650,36915,0,0,0
27669,36542,0,0,0
27677,36537,0,0,0
27678,36877,0,0,0
27682,36808,0,0,0
27714,36853,0,0,0
27805,36427,0,0,0
27837,36815,0,0,0
27885,36905,0,0,0
27909,36901,0,0,0
27958,36889,0,0,0
27981,36858,0,0,0
28083,36436,0,0,0
28131,36529,0,0,0
28279,36394,0,0,0
28423,37034,0,0,0
28479,36896,0,0,0
28481,36461,0,0,0
28531,36848,0,0,0
28617,36924,0,0,0
28628,36529,0,0,0
28653,37034,0,0,0
28655,36765,0,0,0
28679,36545,0,0,0
28709,36755,0,0,0
28726,36542,0,0,0
28754,37017,0,0,0
28805,36537,0,0,0
28837,36912,0,0,0
28839,36524,0,0,0
28848,36494,0,0,0
28852,36922,0,0,0
28911,36901,0,0,0
28919,36794,0,0,0
28929,36438,0,0,0
29081,36827,0,0,0
29136,36524,0,0,0
29157,36743,0,0,0
29179,36925,0,0,0
29237,36436,0,0,0
29318,36545,0,0,0
29369,36683,0,0,0
29407,36436,0,0,0
29445,36494,0,0,0
29465,37034,0,0,0
29489,37020,0,0,0
29497,36894,0,0,0
29508,37032,0,0,0
29543,37029,0,0,0
29572,36784,0,0,0
29585,36537,0,0,0
29602,36683,0,0,0
29636,36925,0,0,0
29666,36436,0,0,0
29674,36535,0,0,0
29683,36861,0,0,0
29702,37028,0,0,0
29727,36524,0,0,0
29799,37034,0,0,0
29813,36766,0,0,0
29821,36888,0,0,0
29840,37027,0,0,0
29896,36784,0,0,0
29898,36731,0,0,0
29975,36815,0,0,0
30062,36438,0,0,0
30083,36370,0,0,0
30117,36781,0,0,0
30154,36535,0,0,0
30174,36545,0,0,0
30227,36432,0,0,0
30258,36723,0,0,0
30279,36831,0,0,0
30366,36800,0,0,0
30374,37034,0,0,0
30390,36776,0,0,0
30399,36815,0,0,0
30404,36900,0,0,0
30407,36436,0,0,0
30428,36877,0,0,0
30467,37033,0,0,0
30480,36432,0,0,0
30482,36919,0,0,0
30645,36889,0,0,0
30654,36896,0,0,0
30679,36542,0,0,0
30708,36416,0,0,0
30757,36800,0,0,0
30792,36911,0,0,0
30862,36794,0,0,0
30864,36949,0,0,0
30872,36529,0,0,0
30892,36935,0,0,0
30925,36729,0,0,0
30931,36731,0,0,0
30967,36436,0,0,0
30992,36555,0,0,0
30999,36900,0,0,0
31040,37031,0,0,0
31058,36901,0,0,0
31087,36370,0,0,0
31088,36537,0,0,0
31124,36416,0,0,0
31177,36405,0,0,0
31180,36494,0,0,0
31258,36918,0,0,0
31301,36901,0,0,0
31313,36799,0,0,0
31389,37034,0,0,0
31414,37022,0,0,0
31543,36461,0,0,0
31547,36542,0,0,0
31549,36754,0,0,0
31568,36914,0,0,0
31579,36405,0,0,0
31590,36831,0,0,0
31611,36555,0,0,0
31632,36815,0,0,0
31720,36800,0,0,0
31739,37034,0,0,0
31764,36461,0,0,0
31772,36875,0,0,0
31785,36915,0,0,0
31795,36793,0,0,0
31808,36951,0,0,0
31858,36666,0,0,0
31861,37034,0,0,0
31865,36902,0,0,0
31893,36537,0,0,0
31949,36936,0,0,0
32042,36869,0,0,0
32058,36438,0,0,0
32081,36912,0,0,0
32210,36535,0,0,0
32278,36894,0,0,0
32391,36781,0,0,0
32446,36750,0,0,0
32451,36535,0,0,0
32454,36370,0,0,0
32528,36436,0,0,0
32543,36760,0,0,0
32591,36913,0,0,0
32620,37030,0,0,0
32623,36916,0,0,0
32682,36545,0,0,0
32764,36898,0,0,0
32790,36394,0,0,0
32801,36902,0,0,0
32829,36438,0,0,0
32877,36781,0,0,0
32892,36394,0,0,0
32898,36875,0,0,0
32907,36667,0,0,0
32910,36918,0,0,0
32936,36861,0,0,0
32986,36902,0,0,0
33017,36754,0,0,0
33021,36896,0,0,0
33098,36370,0,0,0
33108,36909,0,0,0
33133,36416,0,0,0
33150,36913,0,0,0
33216,36840,0,0,0
33268,36432,0,0,0
33312,36394,0,0,0
33331,36912,0,0,0
33375,36723,0,0,0
33414,36433,0,0,0
33456,36776,0,0,0
33520,36461,0,0,0
33556,36922,0,0,0
33587,36936,0,0,0
33595,36545,0,0,0
33661,36370,0,0,0
33666,36907,0,0,0
33674,36840,0,0,0
33679,36781,0,0,0
33707,36755,0,0,0
33769,36494,0,0,0
33786,36836,0,0,0
33797,36830,0,0,0
33903,36750,0,0,0
33949,36936,0,0,0
33950,36436,0,0,0
34003,36914,0,0,0
34004,37029,0,0,0
34087,36416,0,0,0
34088,37027,0,0,0
34122,36853,0,0,0
34128,36915,0,0,0
34262,37034,0,0,0
34275,36754,0,0,0
34290,36555,0,0,0
34369,36461,0,0,0
34380,36683,0,0,0
34408,36902,0,0,0
34458,36461,0,0,0
34466,36755,0,0,0
34488,36931,0,0,0
34505,37027,0,0,0
34540,36529,0,0,0
34542,36919,0,0,0
34613,37034,0,0,0
34636,36915,0,0,0
34670,36915,0,0,0
34683,36901,0,0,0
34708,36800,0,0,0
34756,36847,0,0,0
34808,36912,0,0,0
34853,36784,0,0,0
34880,36915,0,0,0
34900,36788,0,0,0
34914,36667,0,0,0
34934,36927,0,0,0
34967,37034,0,0,0
35025,36542,0,0,0
35030,37031,0,0,0
35054,36427,0,0,0
35078,36545,0,0,0
35098,36799,0,0,0
35162,36542,0,0,0
35201,36394,0,0,0
35231,36667,0,0,0
35240,36524,0,0,0
35243,36524,0,0,0
35314,37034,0,0,0
35347,36731,0,0,0
35353,36494,0,0,0
35401,36853,0,0,0
35475,36815,0,0,0
35530,36535,0,0,0
35550,36781,0,0,0
35566,36438,0,0,0
35591,36908,0,0,0
35605,36906,0,0,0
35628,37034,0,0,0
35682,36542,0,0,0
35690,36432,0,0,0
35708,36931,0,0,0
35729,36921,0,0,0
35747,36919,0,0,0
35751,36784,0,0,0
35763,37034,0,0,0
35773,36731,0,0,0
35866,36405,0,0,0
35918,37022,0,0,0
35958,36906,0,0,0
35975,36912,0,0,0
36016,36944,0,0,0
36093,36861,0,0,0
36106,36729,0,0,0
36125,36743,0,0,0
36138,36918,0,0,0
36166,36743,0,0,0
36189,36750,0,0,0
36201,36667,0,0,0
36259,36529,0,0,0
36318,36901,0,0,0
36363,37034,0,0,0
36370,36937,0,0,0
36389,36781,0,0,0
36394,36793,0,0,0
36731,37034,0,0,0
36828,36494,0,0,0
36832,36840,0,0,0
36838,36786,0,0,0
36859,36545,0,0,0
36884,36915,0,0,0
36977,36920,0,0,0
37030,36913,0,0,0
37076,36537,0,0,0
37080,36542,0,0,0
37102,36529,0,0,0
37149,36858,0,0,0
37204,36667,0,0,0
37242,36847,0,0,0
37319,36416,0,0,0
37339,37030,0,0,0
37370,36916,0,0,0
37393,36432,0,0,0
37440,36875,0,0,0
37476,36432,0,0,0
37483,36680,0,0,0
37568,37034,0,0,0
37574,36754,0,0,0
37577,36461,0,0,0
37578,36861,0,0,0
37582,37034,0,0,0
37592,36902,0,0,0
37627,36427,0,0,0
37656,36537,0,0,0
37667,36849,0,0,0
37692,36827,0,0,0
37760,36781,0,0,0
37835,36903,0,0,0
37904,36555,0,0,0
37936,36545,0,0,0
37947,36545,0,0,0
37977,36750,0,0,0
38003,37031,0,0,0
38052,36535,0,0,0
38095,36861,0,0,0
38181,36405,0,0,0
38218,36901,0,0,0
38234,36922,0,0,0
38260,36427,0,0,0
38277,36949,0,0,0
38323,36729,0,0,0
38341,36545,0,0,0
38360,36427,0,0,0
38370,36837,0,0,0
38371,36416,0,0,0
38410,36847,0,0,0
38471,37027,0,0,0
38535,36786,0,0,0
38567,36927,0,0,0
38596,36542,0,0,0
38610,36680,0,0,0
38613,36529,0,0,0
38642,36438,0,0,0
38656,37034,0,0,0
38693,36680,0,0,0
38698,36930,0,0,0
38714,36781,0,0,0
38794,36934,0,0,0
38798,36912,0,0,0
38857,36461,0,0,0
38862,36788,0,0,0
38890,36436,0,0,0
38895,36921,0,0,0
38917,36743,0,0,0
38950,36432,0,0,0
38975,36918,0,0,0
39179,36405,0,0,0
39229,36901,0,0,0
39339,36432,0,0,0
39341,36937,0,0,0
39368,36912,0,0,0
39413,36907,0,0,0
39443,36914,0,0,0
39452,36416,0,0,0
39457,36831,0,0,0
39468,36405,0,0,0
39469,36535,0,0,0
39627,36436,0,0,0
39710,36416,0,0,0
39754,36853,0,0,0
39756,36901,0,0,0
39807,36370,0,0,0
39827,36915,0,0,0
39848,36976,0,0,0
39863,36919,0,0,0
39889,36542,0,0,0
39927,36906,0,0,0
39942,36902,0,0,0
39983,36794,0,0,0
40019,36915,0,0,0
40037,36438,0,0,0
40046,36791,0,0,0
40094,36542,0,0,0
40119,36427,0,0,0
40141,36934,0,0,0
40156,36919,0,0,0
40210,36555,0,0,0
40284,36405,0,0,0
40337,36542,0,0,0
40380,36788,0,0,0
40381,36750,0,0,0
40395,36683,0,0,0
40432,36905,0,0,0
40441,36848,0,0,0
40554,36394,0,0,0
40580,36898,0,0,0
40587,37034,0,0,0
40618,37032,0,0,0
40629,36529,0,0,0
40695,36461,0,0,0
40701,36896,0,0,0
40707,37013,0,0,0
40711,36858,0,0,0
40849,36461,0,0,0
40850,36370,0,0,0
40876,36394,0,0,0
40879,36847,0,0,0
40944,36755,0,0,0
40965,36537,0,0,0
40989,36937,0,0,0
41019,36831,0,0,0
41038,36680,0,0,0
41059,36494,0,0,0
41086,36461,0,0,0
41092,36916,0,0,0
41103,36799,0,0,0
41120,36794,0,0,0
41141,36998,0,0,0
41161,36900,0,0,0
41237,36909,0,0,0
41330,36394,0,0,0
41398,36416,0,0,0
41417,36894,0,0,0
41497,36918,0,0,0
41502,36461,0,0,0
41532,36755,0,0,0
41580,37030,0,0,0
41596,37034,0,0,0
41665,36529,0,0,0
41668,37024,0,0,0
41704,36793,0,0,0
41724,37034,0,0,0
41741,36847,0,0,0
41788,36936,0,0,0
41804,36944,0,0,0
41816,37028,0,0,0
41824,36755,0,0,0
41834,37032,0,0,0
41877,36683,0,0,0
41958,36394,0,0,0
41976,36781,0,0,0
42017,36905,0,0,0
42034,37034,0,0,0
42091,36427,0,0,0
42116,37034,0,0,0
42125,36427,0,0,0
42165,36433,0,0,0
42256,36542,0,0,0
42262,36436,0,0,0
42348,36902,0,0,0
42399,36667,0,0,0
42426,36555,0,0,0
42464,36791,0,0,0
42466,36877,0,0,0
42490,36847,0,0,0
42543,36432,0,0,0
42548,36914,0,0,0
42590,36793,0,0,0
42607,36895,0,0,0
42624,36918,0,0,0
42677,36729,0,0,0
42684,37023,0,0,0
42707,36915,0,0,0
42740,36869,0,0,0
42745,37034,0,0,0
42768,36788,0,0,0
42787,37034,0,0,0
42814,36438,0,0,0
42818,36750,0,0,0
42826,36545,0,0,0
42845,36912,0,0,0
42857,36370,0,0,0
42867,36901,0,0,0
42912,36849,0,0,0
42943,36755,0,0,0
42962,36542,0,0,0
42978,36731,0,0,0
42981,36405,0,0,0
42997,36905,0,0,0
42998,36754,0,0,0
43028,36537,0,0,0
43122,36861,0,0,0
43125,36432,0,0,0
43141,36394,0,0,0
43187,36719,0,0,0
43207,36545,0,0,0
43217,36461,0,0,0
43266,36370,0,0,0
43285,37021,0,0,0
43290,36937,0,0,0
43324,36542,0,0,0
43520,36830,0,0,0
43543,36904,0,0,0
43593,36542,0,0,0
43601,37034,0,0,0
43633,36827,0,0,0
43671,37034,0,0,0
43695,36913,0,0,0
43768,36405,0,0,0
43769,36755,0,0,0
43774,36835,0,0,0
43793,36924,0,0,0
43808,36555,0,0,0
43815,36919,0,0,0
43816,36906,0,0,0
43819,36680,0,0,0
43855,36542,0,0,0
43858,36912,0,0,0
43862,36542,0,0,0
43985,36370,0,0,0
44072,36949,0,0,0
44095,36766,0,0,0
44133,36542,0,0,0
44145,36667,0,0,0
44191,36680,0,0,0
44204,36877,0,0,0
44241,37034,0,0,0
44293,36760,0,0,0
44312,37034,0,0,0
44319,36835,0,0,0
44330,36786,0,0,0
44343,36837,0,0,0
44366,36743,0,0,0
44374,36901,0,0,0
44424,36769,0,0,0
44435,36555,0,0,0
44523,36848,0,0,0
44572,36394,0,0,0
44576,36524,0,0,0
44610,36922,0,0,0
44625,36666,0,0,0
44639,36889,0,0,0
44662,36529,0,0,0
44735,36537,0,0,0
44740,36545,0,0,0
44851,36830,0,0,0
44886,36784,0,0,0
44946,36667,0,0,0
44991,36924,0,0,0
44999,36394,0,0,0
45013,36915,0,0,0
45026,36848,0,0,0
45038,36438,0,0,0
45055,36827,0,0,0
45095,37034,0,0,0
45097,36831,0,0,0
45112,36394,0,0,0
45155,36438,0,0,0
45169,36830,0,0,0
45172,36894,0,0,0
45185,36436,0,0,0
45238,37021,0,0,0
45244,36913,0,0,0
45320,36976,0,0,0
45363,36394,0,0,0
45427,36436,0,0,0
45442,36683,0,0,0
45515,36858,0,0,0
45525,36750,0,0,0
45565,36930,0,0,0
45602,36904,0,0,0
45671,37033,0,0,0
45746,36935,0,0,0
45760,37034,0,0,0
45811,36542,0,0,0
45814,36438,0,0,0
45837,36755,0,0,0
45852,37034,0,0,0
45864,36683,0,0,0
45872,36827,0,0,0
45909,36405,0,0,0
45947,37032,0,0,0
45953,36830,0,0,0
45966,36900,0,0,0
46031,36769,0,0,0
46036,36535,0,0,0
46041,36776,0,0,0
46053,36781,0,0,0
46079,36900,0,0,0
46080,36835,0,0,0
46092,36990,0,0,0
46138,36847,0,0,0
46188,36542,0,0,0
46216,36976,0,0,0
46250,36913,0,0,0
46268,36836,0,0,0
46279,36529,0,0,0
46299,36729,0,0,0
46320,36793,0,0,0
46355,36902,0,0,0
46361,36902,0,0,0
46375,36918,0,0,0
46393,36723,0,0,0
46417,36905,0,0,0
46434,36370,0,0,0
46458,36755,0,0,0
46503,36951,0,0,0
46506,36436,0,0,0
46513,36830,0,0,0
46582,36524,0,0,0
46600,36781,0,0,0
46625,37031,0,0,0
46626,36942,0,0,0
46640,36837,0,0,0
46674,36853,0,0,0
46690,36667,0,0,0
46705,36529,0,0,0
46709,36858,0,0,0
46728,37033,0,0,0
46751,36912,0,0,0
46766,36830,0,0,0
46790,36912,0,0,0
46826,36683,0,0,0
46841,36937,0,0,0
46875,36416,0,0,0
46908,36433,0,0,0
46960,37022,0,0,0
46976,36755,0,0,0
47033,36535,0,0,0
47102,36799,0,0,0
47172,36765,0,0,0
47180,36416,0,0,0
47244,36461,0,0,0
47296,36919,0,0,0
47325,36909,0,0,0
47335,36895,0,0,0
47355,37023,0,0,0
47394,36370,0,0,0
47474,36913,0,0,0
47534,36535,0,0,0
47568,36436,0,0,0
47579,36899,0,0,0
47593,37034,0,0,0
47602,36913,0,0,0
47616,36781,0,0,0
47620,36793,0,0,0
47635,37034,0,0,0
47674,36555,0,0,0
47695,36909,0,0,0
47699,37034,0,0,0
47755,36405,0,0,0
47811,36808,0,0,0
47848,36416,0,0,0
47876,36830,0,0,0
47978,36915,0,0,0
48020,36849,0,0,0
48039,36755,0,0,0
48093,37031,0,0,0
48104,36981,0,0,0
48181,36849,0,0,0
48191,37034,0,0,0
48197,36930,0,0,0
48208,36808,0,0,0
48223,36937,0,0,0
48271,36524,0,0,0
48326,36461,0,0,0
48371,36394,0,0,0
48417,36791,0,0,0
48443,37034,0,0,0
48569,36905,0,0,0
48570,36908,0,0,0
48636,36831,0,0,0
48730,36858,0,0,0
48751,36935,0,0,0
48772,36731,0,0,0
48774,36900,0,0,0
48809,36494,0,0,0
48839,36912,0,0,0
48895,36432,0,0,0
48910,36667,0,0,0
48983,36848,0,0,0
48989,36680,0,0,0
49014,36911,0,0,0
49035,36889,0,0,0
49101,36524,0,0,0
49144,36827,0,0,0
49203,36776,0,0,0
49323,36861,0,0,0
49357,37028,0,0,0
49362,36918,0,0,0
49363,36394,0,0,0
49373,36666,0,0,0
49392,36555,0,0,0
49395,36808,0,0,0
49401,36896,0,0,0
49412,37034,0,0,0
49460,36545,0,0,0
49478,37026,0,0,0
49492,36784,0,0,0
49502,36542,0,0,0
49522,36416,0,0,0
49537,36494,0,0,0
49574,36918,0,0,0
49581,36755,0,0,0
49611,37034,0,0,0
49635,36901,0,0,0
49655,36529,0,0,0
49773,37034,0,0,0
49796,36427,0,0,0
49878,36827,0,0,0
49911,36433,0,0,0
49938,36542,0,0,0
