method,metric,estimate,ci95_low,ci95_high,clusters,resampling_unit
Graph context full,hit@1,0.002,0.0,0.004626883601662615,1246,equipment_id
Graph context full,hit@5,0.01,0.0053834013753314355,0.015400855846566301,1246,equipment_id
Graph context full,hit@10,0.02266666666666667,0.01545153933505203,0.030224173991316317,1246,equipment_id
Graph context full,hit@20,0.044,0.03472396506408456,0.053323201738165675,1246,equipment_id
Graph context full,hit@50,0.07533333333333334,0.061304123160577983,0.09063712671205905,1246,equipment_id
Graph context full,mrr@10,0.0060489417989417985,0.0035268056581843933,0.009114160198704285,1246,equipment_id
Graph context full,mrr@50,0.008430086352089762,0.005799994840038179,0.011555967909165084,1246,equipment_id
Graph context without failure_mode,hit@1,0.0013333333333333333,0.0,0.0033709500207201896,1246,equipment_id
Graph context without failure_mode,hit@5,0.008666666666666666,0.004637220825159419,0.013495601797502494,1246,equipment_id
Graph context without failure_mode,hit@10,0.020666666666666667,0.014308888509142397,0.028014895021705677,1246,equipment_id
Graph context without failure_mode,hit@20,0.03933333333333333,0.02976686612895524,0.04843898599500597,1246,equipment_id
Graph context without failure_mode,hit@50,0.07666666666666666,0.06255950777914303,0.0912915104219452,1246,equipment_id
Graph context without failure_mode,mrr@10,0.004922751322751323,0.002946816651268238,0.0076960550358322445,1246,equipment_id
Graph context without failure_mode,mrr@50,0.007333715260597778,0.005158086405267998,0.010207581249868663,1246,equipment_id
Hybrid RRF,hit@1,0.0013333333333333333,0.0,0.0033709500207201896,1246,equipment_id
Hybrid RRF,hit@5,0.010666666666666666,0.005930710185747301,0.01617358630986145,1246,equipment_id
Hybrid RRF,hit@10,0.03333333333333333,0.02516381781782864,0.04247696495881614,1246,equipment_id
Hybrid RRF,hit@20,0.048,0.03758264834135775,0.058201329480653846,1246,equipment_id
Hybrid RRF,hit@50,0.11133333333333334,0.09525234639023622,0.12763420176255985,1246,equipment_id
Hybrid RRF,mrr@10,0.006875132275132275,0.004478120779798972,0.00976885203674078,1246,equipment_id
Hybrid RRF,mrr@50,0.009784974517144773,0.007429034448996786,0.012695339022668438,1246,equipment_id
Masked TF-IDF,hit@1,0.004,0.001317025465773861,0.007686892992586996,1246,equipment_id
Masked TF-IDF,hit@5,0.016666666666666666,0.01066936358291372,0.02363151531744175,1246,equipment_id
Masked TF-IDF,hit@10,0.03333333333333333,0.024723946556214033,0.04234274929178966,1246,equipment_id
Masked TF-IDF,hit@20,0.066,0.05330032610132247,0.07811725558128435,1246,equipment_id
Masked TF-IDF,hit@50,0.13533333333333333,0.11698098617116509,0.15314819632366738,1246,equipment_id
Masked TF-IDF,mrr@10,0.010197619047619046,0.006934846411718359,0.014657022691616124,1246,equipment_id
Masked TF-IDF,mrr@50,0.014558597102791523,0.011170618987116075,0.018940065235606443,1246,equipment_id
Random expectation,hit@1,0.00022171161340337741,0.00021122164641587153,0.00023317457803364016,1246,equipment_id
Random expectation,hit@5,0.001107860763517649,0.0010554858799798862,0.0011650969732590003,1246,equipment_id
Random expectation,hit@10,0.002213980403451674,0.002109417679394272,0.0023282566205696307,1246,equipment_id
Random expectation,hit@20,0.004421010515351157,0.004212631008908571,0.004648780342259668,1246,equipment_id
Random expectation,hit@50,0.011000681665658997,0.010485283143365868,0.011564280456571142,1246,equipment_id
Random expectation,mrr@10,0.0006488934496156386,0.0006182216303113905,0.000682412558226161,1246,equipment_id
Random expectation,mrr@50,0.000994368073070676,0.0009475102716805445,0.001045586899211809,1246,equipment_id
