method,metric,lift,ci95_low,ci95_high
Graph context full,hit@1,9.020727283064069,0.0,20.540125910019473
Graph context full,hit@5,9.026405058563745,4.934963124412923,13.776475685408698
Graph context full,hit@10,10.237970774867081,7.027304771037462,13.611593682139434
Graph context full,hit@20,9.952475762547493,7.736880131170781,12.215870247799609
Graph context full,hit@50,6.848060476879592,5.625273082858762,8.155097087049764
Graph context full,mrr@10,9.321933828311552,5.499578688170822,14.083680200221119
Graph context full,mrr@50,8.477832887430791,5.9010957171067275,11.644533751032759
Graph context without failure_mode,hit@1,6.013818188709379,0.0,15.404555383088816
Graph context without failure_mode,hit@5,7.822884384088578,4.055719214018895,12.332539657246675
Graph context without failure_mode,hit@10,9.33462041237881,6.385624822449242,12.685110656483447
Graph context without failure_mode,hit@20,8.896910151368214,6.690641232870509,11.091359570333173
Graph context without failure_mode,hit@50,6.96926508708985,5.629858849827225,8.271223748371566
Graph context without failure_mode,mrr@10,7.58637851201493,4.5785946166664075,11.373627414710068
Graph context without failure_mode,mrr@50,7.375252141745428,5.270485739809983,10.02894462616754
Hybrid RRF,hit@1,6.013818188709379,0.0,15.404555383088816
Hybrid RRF,hit@5,9.628165395801327,5.165454147171572,14.2825219613421
Hybrid RRF,hit@10,15.055839374804531,11.31385288208739,19.455396042666916
Hybrid RRF,hit@20,10.85724628641545,8.455333396283738,13.197211519441934
Hybrid RRF,hit@50,10.120584952556566,8.554579757740655,11.656177461807394
Hybrid RRF,mrr@10,10.595163626947764,6.946766954850125,15.069016636037425
Hybrid RRF,mrr@50,9.840394902189598,7.45637141920292,12.584535788773973
Masked TF-IDF,hit@1,18.041454566128138,5.813514364898112,35.37177219417152
Masked TF-IDF,hit@5,15.044008430939574,9.63527998351111,21.351235447564534
Masked TF-IDF,hit@10,15.055839374804531,11.054839414930356,19.21470669311743
Masked TF-IDF,hit@20,14.928713643821244,12.18328406186112,17.74770929401398
Masked TF-IDF,hit@50,12.302267936341213,10.56259791172919,14.022117943888393
Masked TF-IDF,mrr@10,15.715398350313814,10.558837526876818,22.726843869912326
Masked TF-IDF,mrr@50,14.641054451631364,11.139239693465647,19.119086337084443
