left,right,metric,difference,ci95_low,ci95_high
Graph context full,Graph context without failure_mode,hit@1,0.0006666666666666666,0.0,0.0020314341468512906
Graph context full,Graph context without failure_mode,hit@5,0.0013333333333333333,-0.001334783050159074,0.00406156979476735
Graph context full,Graph context without failure_mode,hit@10,0.002,-0.0006725178729069885,0.005337641328268769
Graph context full,Graph context without failure_mode,hit@20,0.004666666666666667,0.0006606880926187857,0.009466179643784515
Graph context full,Graph context without failure_mode,hit@50,-0.0013333333333333333,-0.008694798249748042,0.005937567402557642
Graph context full,Graph context without failure_mode,mrr@10,0.0011261904761904762,9.237305352795e-06,0.0027288246081967854
Graph context full,Graph context without failure_mode,mrr@50,0.001096371091491984,1.918116723188231e-05,0.0026327141381233825
Graph context full,Masked TF-IDF,hit@1,-0.002,-0.005929462768762083,0.001326259946949602
Graph context full,Masked TF-IDF,hit@5,-0.006666666666666667,-0.013972526879054877,0.0006710748541107371
Graph context full,Masked TF-IDF,hit@10,-0.010666666666666666,-0.019717710269110247,-0.001312134803498395
Graph context full,Masked TF-IDF,hit@20,-0.022,-0.03410288081483733,-0.010599361886078672
Graph context full,Masked TF-IDF,hit@50,-0.06,-0.07677162196307225,-0.044872036888036156
Graph context full,Masked TF-IDF,mrr@10,-0.004148677248677249,-0.009099204465377035,-0.0001931995926622201
Graph context full,Masked TF-IDF,mrr@50,-0.006128510750701762,-0.010602698639377257,-0.002446465432569661
Hybrid RRF,Masked TF-IDF,hit@1,-0.0026666666666666666,-0.006024096385542169,0.0
Hybrid RRF,Masked TF-IDF,hit@5,-0.006,-0.010857205979821784,-0.0009738780235479725
Hybrid RRF,Masked TF-IDF,hit@10,0.0,-0.006336708435891698,0.007258451108963139
Hybrid RRF,Masked TF-IDF,hit@20,-0.018,-0.026504624756130083,-0.009294979762083228
Hybrid RRF,Masked TF-IDF,hit@50,-0.024,-0.03629730916640051,-0.011321824065802559
Hybrid RRF,Masked TF-IDF,mrr@10,-0.0033224867724867724,-0.006895762011955853,-0.0004179465013934277
Hybrid RRF,Masked TF-IDF,mrr@50,-0.004773622585646751,-0.008094476681706585,-0.002082888621648168
Hybrid RRF,Graph context full,hit@1,-0.0006666666666666666,-0.0020314341468512906,0.0
Hybrid RRF,Graph context full,hit@5,0.0006666666666666666,-0.004611642480211082,0.0061032802347516235
Hybrid RRF,Graph context full,hit@10,0.010666666666666666,0.003986935756793892,0.018018320624964928
Hybrid RRF,Graph context full,hit@20,0.004,-0.004037612972424998,0.012142203330409525
Hybrid RRF,Graph context full,hit@50,0.036,0.026066379208176185,0.04892927558654
Hybrid RRF,Graph context full,mrr@10,0.0008261904761904762,-0.0011878137371165167,0.002761230127989411
Hybrid RRF,Graph context full,mrr@50,0.0013548881650550105,-0.0006890595842377647,0.0031308781429730858
