dataset,column,missing_or_placeholder,fraction
metropt3,timestamp,0,0.0
metropt3,TP2,0,0.0
metropt3,TP3,0,0.0
metropt3,H1,0,0.0
metropt3,DV_pressure,0,0.0
metropt3,Reservoirs,0,0.0
metropt3,Oil_temperature,0,0.0
metropt3,Motor_current,0,0.0
metropt3,COMP,0,0.0
metropt3,DV_eletric,0,0.0
metropt3,Towers,0,0.0
metropt3,MPG,0,0.0
metropt3,LPS,0,0.0
metropt3,Pressure_switch,0,0.0
metropt3,Oil_level,0,0.0
metropt3,Caudal_impulses,0,0.0
maintenance,row_id,0,0.0
maintenance,Location (building number),1021,0.02042
maintenance,Region,958,0.01916
maintenance,WorkOrder,1038,0.02076
maintenance,Equipment_ID,1071,0.02142
maintenance,OrderType,980,0.0196
maintenance,WorkOrderDescription,994,0.01988
maintenance,OperationDescription,961,0.01922
maintenance,MaintenanceWorkCenter,1049,0.02098
maintenance,OperationWorkCenter,1034,0.02068
maintenance,Maintenance_activity_type,995,0.0199
maintenance,CreatedDate,990,0.0198
maintenance,ScheduledStartDate,1025,0.0205
maintenance,ScheduledFinishDate,983,0.01966
maintenance,ActualStartDate,986,0.01972
maintenance,ActualFinishDate,978,0.01956
maintenance,TechnicalCompletionDate,1027,0.02054
maintenance,CloseData,1011,0.02022
maintenance,ActualWork,1019,0.02038
maintenance,PlannedWork,1001,0.02002
maintenance,OrderStatus,987,0.01974
