row_id,WorkOrder
983,20331911
1774,20710467
1938,20494530
1940,20529620
2833,  20756673  
3016,20734104
3265,20649668
3461,20237627
3587,20201657
4113,20507586
4795,20009327
5241,20717832
5353,20025886
5539,20253662
5562,20079653
5718,20454560
5742,20702605
6176,20464254
6308,20639561
6504,20563116
6615,20486510
6906,20246678
7025,20609566
7048,20028436
7109,20503261
7260,20198133
7541,20760822
7583,20641690
7650,20549600
7823,20751722
7922,20023840
7956,20033596
8394,20475853
8652,20396493
8684,20754422
8776,20036072
8791,20660825
9321,2038040
9429,20080037
9596,20564983
9924,20687353
9985,20065732
10031,20515362
10113,20689531
10388,20518591
10422,20746680
10437,20604991
10443,20338687
10445,20665694
10589,20629089
10635,20374974
10660,20640680
10687,20240770
10782,20666873
10925,20182035
11189,20373477
11534,20264672
11538,20199653
11749,20623928
11754,20680742
11775,  20146943  
11827,20584136
12049,20222028
12163,20375088
12361,20028826
12442,20760071
12550,20462243
12649,20177216
12664,20760984
12841,20551053
12866,20285437
12872,20687697
13176,20326598
13279,20339402
13332,20525199
13361,20680789
13395,20178912
13418,20391728
13758,20518294
13782,20250266
13790,20207080
13804,NULL
13983,20313644
14021,20141823
14133,20517547
14224,20528063
14337,20355734
14416,20134612
14489,20695672
14526,20587220
14539,
14547,220264398
14610,20760247
14614,20177411
14708,20477253
14879,20375313
14901,20095935
14949,20445628
14976,20563409
14995,20221082
15099,20751387
15133,20325354
15308,20552150
15342,20609122
15450,20513022
15518,20654848
15571,20677854
15588,20365237
15802,20616609
15817,20557264
15822,20510474
15841,20533278
15882,20357656
16121,20202344
16140,20743934
16245,20368839
16287,20592418
16290,20077149
16425,20208245
16558,  20073751  
16571,20662826
16591,20296022
16764,20670688
16792,20179668
16860,20702442
16973,20046993
16989,20003315
17093,20062712
17120,20100650
17315,
17325,20286493
17365,
17556,20595895
17722,20418145
17726,20221589
17875,20136609
17890,20759298
17904,20576456
17986,20658307
17989,20672552
18091,20344494
18116,20109229
18368,20628613
18407,20066780
18457,20527175
18479,20352823
18500,20198860
18510,20495476
18568,20077542
18580,20009508
18652,20215757
18679,20754425
18680,20746701
18801,20507953
18828,20724280
18851,20613756
18897,20540655
18923,20717041
18965,20616018
19126,20060927
19149,20035725
19166,20653927
19386,20242765
19423,20583963
19425,20531070
19434,20294434
19451,20662465
19517,20125138
19519,20223161
19528,20471647
19718,20156399
19744,20712274
19840,203326222
19891,20373894
19924,20075513
20023,20687717
20025,20740107
20026,20096972
20045,20712536
20072,20757199
20150,20320811
20192,20427024
20209,20201493
20213,20595516
20270,20410226
20687,20354744
20739,20576136
20750,20360333
20752,20603916
20794,20572719
20839,20477804
20914,20278994
20967,20550562
21119,20356039
21130,20086120
21165,20123436
21185,20671131
21210,20185463
21264,20599197
21276,20390724
21278,20328684
21296,20647065
21377,20728150
21391,20476854
21416,20633567
21546,20528656
21570,2624318
21602,20728560
21692,20476045
21797,20303855
21811,20591832
21872,N/A
21884,20191176
21961,20532686
22027,20154247
22041,20611532
22159,20352436
22188,20523779
22220,20510279
22299,20430309
22309,20424874
22356,20004726
22418,20594777
22490,20737583
22536,20247965
22553,20136485
22554,0
22567,20271320
22671,20629710
22681,20259375
22830,20074544
22854,20153071
22901,20458593
22909,20019289
23055,20648936
23073,20732874
23106,20222273
23157,20498940
23206,20506098
23251,25002167
23253,20117929
23292,20175112
23308,
23317,20713986
23346,20761681
23359,20637639
23416,20481470
23565,20452192
23596,20127788
23649,20350164
23706,20259504
23732,NULL
23766,20015953
23775,20124925
23779,20459947
23782,20199021
23796,20750315
23815,20627307
23940,20448899
23977,20043817
24029,20701721
24041,20520421
24147,20418698
24174,20160602
24227,20757950
24247,20190299
24279,20702696
24296,20627740
24314,20279522
24328,20269846.0000000000
24355,20428433
24393,20402683
24677,20614008
24747,20266933
24749,20311668
24831,20248559
24832,20755011
24836,20632421
24901,20665496
24920,20144022
24937,20087922
25043,20652652
25074,20683643
25108,20445182
25138,20104177
25165,20611786
25230,20503853
25232,20419843
25296,20524244
25340,20655972
25484,20450853
25529,20501227
25579,20475406
25600,20365472
25619,20198525
25638,20444058
25722,20329364
25728,20410891
25730,20292063
25749,20469185
25760,20250243
25761,20504325
25774,20579735
25797,20395853
25799,20199183
25831,20066376
25841,20356047
25864,20674206
25889,20131487
25903,20641757
25905,20076765
25918,20434221
25956,20454617
25980,20618346
26020,20475765
26023,20515197
26036,20442219
26047,20459081
26075,20570258
26080,20372447
26158,20003842
26166,20505351
26199,20197590
26245,20709517
26272,20649544
26417,20282272
26439,20076284
26450,20227626
26496,20563850
26546,20420247
26682,20750033
26719,
26758,20399509
26865,20610796
27052,20394199
27125,20692724
27144,20390105
27165,20073576
27187,20174348
27224,20423193
27252,20590760
27259,20412884
27303,20491631
27375,20366979
27414,20588009
27425,20138915
27433,20738247
27483,20114378
27501,-
27543,20560567
27594,20700732
27673,20212513
27708,20709696
27736,20416204
27915,20167683
27955,20174870
27970,20242632
28061,20060374
28161,20044542
28175,20344059
28177,20103362
28178,20215737
28192,20226059
28227,20380712
28266,20066831
28301,20041330
28352,20523659
28368,20471662
28382,20660544
28422,20266091
28541,20148387
28566,20342558
28567,20057688
28591,20664369
28635,20372439
28799,20712196
28812,20508487
28821,20495034
28920,20693219
28994,20092278
29005,20311570
29014,20528455
29021,20656889
29050,20171930
29070,20426763
29137,20341162
29158,20457874
29200,20284322
29223,20056235
29299,20136573
29346,20358864
29379,20702924
29387,20703302
29397,20272003
29421,20022073
29444,NA
29482,20200167
29500,20329944
29532,20612047
29542,20545726
29551,20075108
29595,20071519
29711,20724377
29759,NA
29762,20748035
29879,20647945
29911,20714222
29953,20640239
29957,20361333
30096,20384690
30103,20595066
30129,20256172
30188,20414750
30246,20704352
30336,0
30352,-
30355,20616117
30368,20756049
30400,20272106
30443,20378162
30490,20017707
30493,20454171
30505,20392980
30526,20437441
30541,20671308
30580,20578004
30582,20229634
30623,20510557
30697,20572039
30788,20190796
30793,20484119
30801,20721803
30830,20701124
30885,20234048
30886,20188934
30982,20189497
31035,20696593
31063,20284869
31098,20006281
31104,20281857
31105,20212570
31116,20712976
31138,20618467
31147,20580242
31185,20566826
31192,20541495
31257,20182298
31288,20745344
31379,20260122
31401,20556685
31436,20575871
31440,20035048
31446,20402986
31449,20171743
31559,20559764
31589,20560606
31593,20708867
31643,20247397
31695,20419123
31706,20511729
31735,20051592
31762,20602207
31807,20520606
31815,20305269
31854,20215509
32018,20674879
32072,20650184
32114,20383313.0000000000
32119,20100487
32178,20474065
32213,20272127
32231,20056682
32253,20208323
32261,20313082
32433,20356511
32524,20300191
32537,20756702
32592,20030962
32660,20101311
32661,20537659
32693,20293151
32695,20226143
32706,20320131
32728,20367681
32739,20370009
32803,20344252
32840,n/a
32843,20411659
32905,20629204
32928,20689117
33022,20590359
33050,20224790
33055,20104386
33068,20486371
33070,20655354
33096,20292113
33136,20083276
33144,20481066
33152,20201934
33159,20111209
33205,20137935
33206,20741258
33254,20106164
33260,20174413
33313,20018318
33321,20730499
33329,20448906
33361,20754783
33365,20203578
33420,20509696
33467,20055818
33498,20516427
33504,20644957
33581,20025312
33619,20176275
33646,20146680
33732,20717597
33757,20245884
33767,20744879
33779,20414257
33793,20068096
33809,20081196
33836,20644609
33846,20035953
33893,20132365
33896,20437448
33916,20475710
33924,20106889
33941,20666026
33991,20614257
33998,20331519
34051,20724697
34077,20528202
34094,  20103112  
34097,20704658
34111,20648228
34115,20636399
34147,20020558
34162,20210776
34197,20178786
34225,20442583
34266,NULL
34267,1301249761.6329894
34273,20025215
34299,20209034
34349,20760321
34390,20458600
34398,20714766
34434,20182462
34446,20026943
34503,20077086
34557,20327440
34634,20351522
34813,20354695
34831,20718852
34843,20661709
34878,20091756
34913,20196764
34922,20369085
34936,20265418
34972,20345712
34997,20557480
35018,20577023
35037,20442428
35061,20166360
35085,20456089
35115,20275128
35142,20357482
35199,20640968
35209,20551422
35256,20226539
35325,20549936
35331,20400928
35346,20025489
35350,20183674
35356,20530580
35366,20099258
35390,20071474
35402,20053748
35416,20509101
35430,20563660
35437,20213925
35455,20198973
35460,20279336
35469,20419502
35630,20238854
35634,200247410
35661,20462358
35664,20235045
35709,20729540
35712,203877518
35731,20344150
35735,20314471
35746,20098715
35778,20088835
35784,-20556909.0
35786,20401304
35794,20032256
35801,20712426
35842,20483729
35860,  20721285  
35871,20748023
35885,20570665
35904,20560712
35909,20447574
35974,20021412
35981,20046910
36214,20312615
36218,20633416
36241,20295993
36289,20156221
36421,20136663
36440,n/a
36452,20236602
36464,20184610
36593,20580153
36729,20699453
36741,20731695
36796,20604984
36808,20086672
36819,20533099
36862,20761916
36981,20243269
36997,20162987
37001,20005267
37026,NA
37046,20015708
37084,20328118
37129,20012467
37130,20316435
37135,20273078
37143,20164653
37167,20381590
37185,20597674
37214,20193049
37305,20504807
37327,20375449
37354,20696144
37379,20644147
37389,20043335
37405,20012124
37475,20740412
37479,20722859
37613,20124703
37659,20683866
37766,20194546
37769,20583887
37886,20055441
37938,20005168
37964,2063013
37965,20545146
37973,20671477
38000,20747343
38017,20352328
38021,20558208
38031,20250159
38042,20463255
38055,20375717
38085,20065335
38088,20194698
38093,20510956
38138,20121995
38165,20117982
38179,20150294
38195,20673408
38245,20545253
38279,20624797
38292,20493145
38340,NULL
38352,20649751
38384,20386355
38393,20023307
38437,20574638
38476,20521981
38479,20403208
38521,20532064
38528,20382087
38566,206116818
38604,NA
38612,20711432
38639,20366824
38674,20408242
38710,20749185
38749,20599026
38750,20681453
38809,20520999
38817,20132284.0000000000
38827,2060031
38831,20592398
38863,20120643
38901,20259080
38953,20164411
38957,20640195
38960,20476207
38962,20341886
39055,20067695
39068,20581199
39131,20179702
39159,20717735
39180,20561549
39193,20415652
39201,20627323
39214,20103696
39233,20340401
39241,20649199
39244,20756406
39271,20283746
39293,20543725
39316,20507776
39333,20712684
39365,20041577
39408,20101678
39551,0
39555,20471246
39559,20346236
39567,20616827
39574,20374311
39577,20498695
39590,20494851
39611,20498277
39628,20602687
39635,20652619
39655,20543582
39666,20725683
39689,20120074
39690,20424495
39708,20077209
39761,20072012
39796,20583182
39813,20385972
39856,20143908
39874,20403623
39876,20203263
39882,20021375
39962,1345172980.502691
39986,20281557
39999,20186134
40030,20192922
40036,203889954
40039,20103101
40056,20449962
40066,20731075
40120,20172609
40133,20341431
40169,20297053
40182,20453587
40229,20539059
40253,20565528
40254,20037351
40266,20712656
40278,20091340
40305,-20358299.0
40313,20447011
40324,20013254
40326,20083157
40357,N/A
40406,20094031
40416,20028677
40429,20563876
40440,20298164
40455,20378535
40497,20025665
40516,20475320
40541,20418338
40552,20141698
40578,20604609
40633,20371964
40649,20068467
40655,20212413
40667,20006709
40735,20535186
40751,20720058
40811,20089741
40816,-20744127.0
40841,20254516
40889,20109197
40890,20071026
40933,20530712
41001,20256135
41011,20662065
41021,20672766
41036,20735790
41050,1806179127.910538
41124,20707164
41136,20358956
41138,20178765
41145,20546709
41168,20198910
41205,20108829
41221,-20385637.0
41234,20550509
41240,20715736
41263,20537782
41280,20043673
41283,20660251
41286,20234950
41353,20196849
41384,20287491
41399,20104236
41405,20686813
41415,0
41471,20647073
41489,20738257
41518,20060247
41525,20379554
41548,20029338
41551,20435149
41572,1298737092.6799035
41588,20163890
41592,20477790
41594,20643531
41613,20217757
41637,20279586.0000000000
41644,20230013
41660,20304282
41722,20046886
41730,20614896
41744,20038746
41827,20283702
41837,20741664
41853,20102312
41915,20383087
41947,20189649
41949,20117194
41964,20751882
41969,-
42021,20137604
42026,20443128
42045,20478930
42056,20338910
42179,20720697
42202,20228176
42206,20761887
42227,20242148
42242,20043372
42244,20013213
42245,20046020
42251,20066460
42308,20721932
42350,20268081
42372,20139609
42378,20535404
42416,20004046
42418,20245243
42458,20457715
42463,20610933
42473,20687470
42498,20748921
42501,20451971
42508,20355355
42520,20403037
42580,20489146
42656,20713669
42678,20071045
42700,20315849
42724,20680521
42747,20180694
42758,20134551
42759,20089166
42812,20358217
42836,20661341
42840,20182384
42875,20398565
42890,20531485
42892,20290316
42916,20142615
42946,20569840
42952,20086936
42966,20194530
43007,20220486
43022,20593391
43082,20530879
43154,20724129
43156,20515474
43157,20092924
43181,20401851
43182,20387298.0000000000
43195,20740043
43284,20515882
43302,20363631
43312,20151060
43325,20562312
43337,20630771
43375,20455981
43409,20244918
43510,20354478
43518,20231315
43529,20193144
43532,20246460
43568,20665979
43587,0
43596,20729143
43625,20335184
43635,20242782
43665,20177167
43667,20232463
43704,20003481
43728,20323315
43824,20432498
43844,20552051
43870,20231827
43933,20470651
43947,20483352
43970,2053667
43971,20647397
43980,20724028
43989,20743229
44001,20542727
44063,20628737
44118,20612451
44152,20170494
44167,20701122
44196,20086053
44197,20376127
44229,20706767
44236,20193655
44237,20649352
44242,20183912
44311,1317481425.3834841
44337,20180354
44380,20012163
44411,20381563
44419,20339949
44437,20229396
44463,20530546
44485,20746111
44532,20461997
44624,20197692
44672,20573466
44680,20727746
44720,20268625
44795,20330568
44826,20488887
44877,20308360
44892,2022680
44938,20197684
44939,20719894
44944,20419424
44965,20546817
44967,20446378
45034,20639944
45035,-20281215.0
45045,20368418
45074,20379902
45084,20662867
45109,20645982
45111,20183131
45139,20030810
45174,20474755
45176,20658818
45183,20113597
45264,20139137
45273,20500029
45278,20386569
45306,20076969
45319,20743749
45407,20327650
45413,20310607
45420,20599670
45435,20759184
45443,20277537
45469,20346706
45529,20067270
45572,20472267
45597,20621243
45619,20411227
45688,20243795
45699,20251788
45727,20639549
45735,20123642
45758,20701578.0000000000
45759,20726373
45774,20393830
45803,20201363
45813,20112742
45820,20620903
45826,20459253
45883,20023964
45910,20233043
45911,20181380
45917,20147284
45943,20367952
45991,20207131
46022,20420439
46029,20114369
46058,20383047
46076,20647472
46091,20236483
46109,20715350
46154,20383120
46183,NA
46231,20429622
46284,20302720
46316,20585173
46324,20276189
46339,20306907
46356,20756013
46416,20093123
46432,20107204
46437,20382007
46451,20695533
46466,20223949
46518,20419165
46611,20485684
46643,20395111
46650,20645956
46659,20088298
46660,20676571
46665,20143944
46696,20249920
46701,20034102
46720,20648824
46735,20255239
46746,20025643
46776,20435654
46834,20346601
46845,20102099
46854,20002086
46887,20646036
46906,20614637
46929,20293244
46939,20146648
46947,20365155
46957,20388259
46982,200353387
47030,20228269
47048,20107065
47056,20465817
47070,20005442
47079,20159971
47098,20609765
47119,20352361
47138,20428202
47167,20686309
47169,20668914
47183,20560896
47261,20356780
47262,20643938
47282,20457655
47284,20050782
47307,20129455
47368,20091653
47378,20590500
47396,20350582
47406,20618674
47430,20033878
47454,20036178
47486,20319964
47489,20157414
47507,20300774
47508,20752379
47510,20278070
47555,20375999
47569,20544567
47627,-
47645,20741559
47689,20565287
47703,20560620
47706,20718090
47744,20374057
47758,20233942
47796,20515611
47849,20553360
47890,20078579
47899,20484359
47901,20174637
47950,20592062
47952,20072695
47961,20342257
47996,20510396
47999,20640436
48008,20174548
48009,20292292
48032,20215684
48050,20435320
48099,20102459
48100,20432783
48125,20344633
48152,20028028
48218,20739636
48225,20132728
48235,20195326
48236,20119072
48266,20175295
48268,20203599
48276,20018172
48401,20631685
48410,20675706
48414,20282101
48449,20579095
48459,20678554
48464,20137758
48476,n/a
48486,20242439
48534,20206894
48556,20697992
48558,20721217
48566,20558560
48651,20143566
48684,20010626
48784,20023231
48792,20038443
48822,20304086
48823,20159611
48844,20721269
48847,20408434
48854,20643198
48899,20612462
48993,20212792
49061,20698279
49081,20459985
49082,20550207
49092,20228258
49106,20059828
49127,20040290
49152,20649312
49167,20064712
49262,0
49329,20683273
49353,20371819
49359,20609822
49371,20448175
49406,20042832
49440,20275627
49461,20371238
49472,20235293
49528,N/A
49561,20254906
49567,20694540
49593,20111414
49666,20315836
49675,20452634
49677,20355099
49712,20711158
49714,20066700
49715,20399542
49734,20004702
49749,20054052
49752,20695804
49759,20748355
49762,20438577
49772,20049590
49830,20370070
49861,20712622
49863,20188164
49873,20597164
49917,20674866
49927,20395409
49931,20145003
49950,20215600
