row_id,work_order,equipment_id,equipment_id_raw,order_type,maintenance_type,problem_text,action_text,combined_text,n_equipment_type,n_failure_mode,n_component,n_maintenance_action,n_asset_mention,identifier_concordance,asset_mention,component,equipment_type,failure_mode,maintenance_action,review_status,review_notes
147,20408866,CF-078,CF-078,PM,PM01,"Centrifuge CF-01 six-monthly basket, bearing and seal inspection.",Inspect basket condition. Measure bearing clearances. Check mechanical seal faces. Inspect braking system. Lubricate all grease points. Test safety interlock operation.,"Centrifuge CF-01 six-monthly basket, bearing and seal inspection. Inspect basket condition. Measure bearing clearances. Check mechanical seal faces. Inspect braking system. Lubricate all grease points. Test safety interlock operation.",0,0,2,3,1,False,CF-01,bearing|seal,,,inspect|lubricate|test,pending,
708,20699470,EX-134,EX-134,PM,PM02,Extruder EX-02 six-monthly gearbox oil change and thrust bearing inspection.,Drain gearbox. Replace oil. Inspect thrust bearing for wear and preload. Replace if necessary. Check coupling and alignment. Refill gearbox and verify oil temperature on run up.,Extruder EX-02 six-monthly gearbox oil change and thrust bearing inspection. Drain gearbox. Replace oil. Inspect thrust bearing for wear and preload. Replace if necessary. Check coupling and alignment. Refill gearbox and verify oil temperature on run up.,1,0,3,4,1,False,EX-02,bearing|coupling|gearbox,gearbox,,align|inspect|replace|test,pending,
879,20109416,SEP-022,SEP-022,CM,CM01,Separator SEP-02 liquid dump valve failing to open. Liquid accumulation in vessel.,Isolate dump valve. Remove actuator. Inspect valve body for erosion and debris. Replace seat and trim. Actuator service. Stroke test under pressure. Verify automatic control.,Separator SEP-02 liquid dump valve failing to open. Liquid accumulation in vessel. Isolate dump valve. Remove actuator. Inspect valve body for erosion and debris. Replace seat and trim. Actuator service. Stroke test under pressure. Verify automatic control.,1,0,1,4,1,False,SEP-02,valve,valve,,inspect|isolate|replace|test,pending,
1277,20750515,BLR-143,BLR-143,CM,CM02,Boiler BLR-01 feedwater pump failure. Loss of boiler feed. Emergency shutdown initiated.,Start standby feedwater pump. Investigate duty pump failure. Replace mechanical seal and bearings on duty pump. Test duty pump before returning to service.,Boiler BLR-01 feedwater pump failure. Loss of boiler feed. Emergency shutdown initiated. Start standby feedwater pump. Investigate duty pump failure. Replace mechanical seal and bearings on duty pump. Test duty pump before returning to service.,1,0,3,2,1,False,BLR-01,bearing|pump|seal,pump,,replace|test,pending,
1415,20268541,TRB-051,TRB-051,CM,CM03,Steam Turbine TRB-01 lube oil low pressure alarm. Oil pump suction strainer blocked.,Clean oil pump suction strainer. Check oil pump relief valve setting. Inspect main oil pump for wear. Flush lubrication system. Verify pressure at all bearing oil supply points.,Steam Turbine TRB-01 lube oil low pressure alarm. Oil pump suction strainer blocked. Clean oil pump suction strainer. Check oil pump relief valve setting. Inspect main oil pump for wear. Flush lubrication system. Verify pressure at all bearing oil supply points.,1,2,3,4,1,False,TRB-01,bearing|pump|valve,pump,blockage|pressure_loss,clean|inspect|lubricate|test,pending,
1423,20019558,BM-005,Bm-005,PM,PM02,Ball Mill BM-02 annual liner replacement and trunnion bearing inspection.,,Ball Mill BM-02 annual liner replacement and trunnion bearing inspection.,0,0,2,0,1,False,BM-02,bearing|liner,,,,pending,
2195,20216976,P-342,P-342,CM,CM01,Centrifugal Pump P-301 high vibration alarm on drive end bearing. Amplitude 141.5 mm/s RMS exceeding trip setpoint.,"Isolate pump, drain casing, disassemble bearing housing. Replace drive end bearing 6310-2Z. Realign coupling to within 0.05mm TIR. Functional test at duty point.","Centrifugal Pump P-301 high vibration alarm on drive end bearing. Amplitude 141.5 mm/s RMS exceeding trip setpoint. Isolate pump, drain casing, disassemble bearing housing. Replace drive end bearing 6310-2Z. Realign coupling to within 0.05mm TIR. Functional test at duty point.",1,2,3,3,1,False,P-301,bearing|coupling|pump,centrifugal_pump,high_vibration|trip,isolate|replace|test,pending,
2214,20435632,EV-183,EV-183,PM,PM01,Evaporator EV-101 annual evaporator cleaning and tube inspection.,Drain and clean heating tubes with nitric acid solution. Inspect tube bundle using eddy current testing. Replace any thinned tubes. Pressure test. Update inspection records.,Evaporator EV-101 annual evaporator cleaning and tube inspection. Drain and clean heating tubes with nitric acid solution. Inspect tube bundle using eddy current testing. Replace any thinned tubes. Pressure test. Update inspection records.,0,0,0,4,1,False,EV-101,,,,clean|inspect|replace|test,pending,
2376,20372469,F-071,F-071,PM,PM01,Filter F-01 scheduled cartridge replacement at 6000 service hours.,Replace filter cartridges at planned interval regardless of differential pressure. Inspect housing internals. Record cartridge condition on removal. Update filter log.,Filter F-01 scheduled cartridge replacement at 6000 service hours. Replace filter cartridges at planned interval regardless of differential pressure. Inspect housing internals. Record cartridge condition on removal. Update filter log.,0,0,1,2,1,False,F-01,filter,,,inspect|replace,pending,
2873,20517129,P-299,P-299,CM,CM03,Centrifugal Pump P-201 high vibration alarm on drive end bearing. Amplitude 107.2 mm/s RMS exceeding trip setpoint.,"Isolate pump, drain casing, disassemble bearing housing. Replace drive end bearing 22316E. Realign coupling to within 0.05mm TIR. Functional test at duty point.","Centrifugal Pump P-201 high vibration alarm on drive end bearing. Amplitude 107.2 mm/s RMS exceeding trip setpoint. Isolate pump, drain casing, disassemble bearing housing. Replace drive end bearing 22316E. Realign coupling to within 0.05mm TIR. Functional test at duty point.",1,2,3,3,1,False,P-201,bearing|coupling|pump,centrifugal_pump,high_vibration|trip,isolate|replace|test,pending,
3005,20392566,TK-076,TK-076,PM,PM02,Storage Tank TK-02 annual calibration of all level and temperature instruments.,Calibrate all level transmitters against certified reference. Check temperature sensor accuracy. Verify high level alarm setpoints. Update calibration records.,Storage Tank TK-02 annual calibration of all level and temperature instruments. Calibrate all level transmitters against certified reference. Check temperature sensor accuracy. Verify high level alarm setpoints. Update calibration records.,0,0,1,2,1,False,TK-02,sensor,,,calibrate|test,pending,
3031,20039138,TK-109,TK-109,PM,PM02,Storage Tank TK-102 annual calibration of all level and temperature instruments.,Calibrate all level transmitters against certified reference. Check temperature sensor accuracy. Verify high level alarm setpoints. Update calibration records.,Storage Tank TK-102 annual calibration of all level and temperature instruments. Calibrate all level transmitters against certified reference. Check temperature sensor accuracy. Verify high level alarm setpoints. Update calibration records.,0,0,1,2,1,False,TK-102,sensor,,,calibrate|test,pending,
3036,20642755,,,CM,CM02,Gas Scrubber GS-101 high H2S outlet alarm 239 ppm. Scrubbing efficiency loss. Chemical depletion.,Increase caustic dosing rate. Check pH of scrubbing liquor. Top up caustic tank. Inspect spray nozzles for wear and blockage. Replace nozzles if worn. Verify outlet H2S after adjustment.,Gas Scrubber GS-101 high H2S outlet alarm 239 ppm. Scrubbing efficiency loss. Chemical depletion. Increase caustic dosing rate. Check pH of scrubbing liquor. Top up caustic tank. Inspect spray nozzles for wear and blockage. Replace nozzles if worn. Verify outlet H2S after adjustment.,0,0,0,4,1,False,GS-101,,,,adjust|inspect|replace|test,pending,
3142,20644820,TK-127,TK-127,CM,CM03,Storage Tank TK-05 outlet valve passing. Confirmed by downstream flow with valve closed.,Isolate valve. Disassemble. Inspect seat and ball/gate for erosion. Lap seat if minor damage. Replace valve internals if worn beyond tolerance.,Storage Tank TK-05 outlet valve passing. Confirmed by downstream flow with valve closed. Isolate valve. Disassemble. Inspect seat and ball/gate for erosion. Lap seat if minor damage. Replace valve internals if worn beyond tolerance.,1,0,1,3,1,False,TK-05,valve,valve,,inspect|isolate|replace,pending,
3382,20405809,UF-078,UF-078,PM,PM02,Ultrafiltration Unit UF-02 annual module replacement based on service life.,Replace all membrane modules at planned service life interval. Perform full integrity test on replacement modules. Rebaseline flux and establish new performance record.,Ultrafiltration Unit UF-02 annual module replacement based on service life. Replace all membrane modules at planned service life interval. Perform full integrity test on replacement modules. Rebaseline flux and establish new performance record.,0,0,0,2,1,False,UF-02,,,,replace|test,pending,
3801,20713949,F-138,F-138,PM,PM02,Filter F-03 quarterly filter housing inspection and O-ring check.,Inspect O-ring condition and housing sealing surfaces. Replace O-ring as precautionary measure. Pressure test housing. Verify differential pressure indication.,Filter F-03 quarterly filter housing inspection and O-ring check. Inspect O-ring condition and housing sealing surfaces. Replace O-ring as precautionary measure. Pressure test housing. Verify differential pressure indication.,0,0,1,3,1,False,F-03,filter,,,inspect|replace|test,pending,
3937,20249383,HX-050,HX-050,PM,PM03,"Heat Exchanger HX-03 annual inspection. Tube bundle inspection, gasket replacement and pressure test.",Drain and open channel head. Inspect tube sheet and tubes using boroscope. Replace gaskets on both heads. Hydraulic pressure test. Reinstate and commission.,"Heat Exchanger HX-03 annual inspection. Tube bundle inspection, gasket replacement and pressure test. Drain and open channel head. Inspect tube sheet and tubes using boroscope. Replace gaskets on both heads. Hydraulic pressure test. Reinstate and commission.",0,0,0,3,1,False,HX-03,,,,inspect|replace|test,pending,
4548,20068261,FCC-013,FCC-013,PM,PM03,Fluid Catalytic Cracker FCC-01 annual catalyst sampling and activity analysis.,"Sample catalyst from multiple bed locations. Send for laboratory analysis of activity, selectivity and metals content. Adjust fresh catalyst addition rate based on results.","Fluid Catalytic Cracker FCC-01 annual catalyst sampling and activity analysis. Sample catalyst from multiple bed locations. Send for laboratory analysis of activity, selectivity and metals content. Adjust fresh catalyst addition rate based on results.",0,0,0,1,1,False,FCC-01,,,,adjust,pending,
5198,20396605,P-576,P-576,CM,CM03,Centrifugal Pump P-501 mechanical seal failure. Product leakage observed at gland area estimated 27.4 L/h.,"Replace complete mechanical seal cartridge. Flush seal chamber, pressure test at 11.8 bar. Return to service and monitor seal flush flow.","Centrifugal Pump P-501 mechanical seal failure. Product leakage observed at gland area estimated 27.4 L/h. Replace complete mechanical seal cartridge. Flush seal chamber, pressure test at 11.8 bar. Return to service and monitor seal flush flow.",1,1,2,3,1,False,P-501,pump|seal,centrifugal_pump,leak,monitor|replace|test,pending,
5276,20025886,DP-105,DP-105,PM,PM03,Diaphragm Pump DP-101 annual diaphragm and valve inspection.,Inspect diaphragms for cracking and deformation. Replace both diaphragms preventively. Inspect ball valves and seats. Replace worn components. Test pump performance.,Diaphragm Pump DP-101 annual diaphragm and valve inspection. Inspect diaphragms for cracking and deformation. Replace both diaphragms preventively. Inspect ball valves and seats. Replace worn components. Test pump performance.,2,0,2,3,1,False,DP-101,pump|valve,pump|valve,,inspect|replace|test,pending,
6128,ROW_006128,CT-187,CT-187,CM,CM02,Cooling Tower CT-101 high conductivity alarm 199 uS/cm. Blowdown valve failed closed.,Manually open blowdown valve to flush system. Inspect valve actuator and replace if faulty. Verify automatic blowdown control loop functioning. Check water treatment dosing.,Cooling Tower CT-101 high conductivity alarm 199 uS/cm. Blowdown valve failed closed. Manually open blowdown valve to flush system. Inspect valve actuator and replace if faulty. Verify automatic blowdown control loop functioning. Check water treatment dosing.,1,0,1,3,1,False,CT-101,valve,valve,,inspect|replace|test,pending,
6220,20468748,SD-090,SD-090,PM,PM02,Spray Dryer SD-02 six-monthly air heater and bag filter inspection.,Inspect air heater coils and clean. Replace bag filter elements. Check explosion relief valves and burst discs. Verify fire suppression system. Update inspection records.,Spray Dryer SD-02 six-monthly air heater and bag filter inspection. Inspect air heater coils and clean. Replace bag filter elements. Check explosion relief valves and burst discs. Verify fire suppression system. Update inspection records.,0,0,2,4,1,False,SD-02,filter|valve,,,clean|inspect|replace|test,pending,
6681,20147550,GS-029,GS-029,CM,CM01,Gas Scrubbеr GS-02 high diffеrential pressurе аlаrm 119 mbar. Paсking sectiοn flooding suspectеd.,Reduce gas flow rate to resolve flooding. Inspect liquid distribution nozzles for blockage. Clean packing. Verify liquid-to-gas ratio within design envelope. Investigate cause of flooding.,Gas Scrubbеr GS-02 high diffеrential pressurе аlаrm 119 mbar. Paсking sectiοn flooding suspectеd. Reduce gas flow rate to resolve flooding. Inspect liquid distribution nozzles for blockage. Clean packing. Verify liquid-to-gas ratio within design envelope. Investigate cause of flooding.,0,0,0,2,1,False,GS-02,,,,clean|inspect,pending,
6757,20563794,UF-108,UF-108,PM,PM03,Ultrafiltration Unit UF-02 quarterly membrane integrity test and chemical clean.,Perform air pressure decay integrity test on all modules. Record results. Chemical clean with citric acid and sodium hypochlorite per SOP. Re-test flux after cleaning.,Ultrafiltration Unit UF-02 quarterly membrane integrity test and chemical clean. Perform air pressure decay integrity test on all modules. Record results. Chemical clean with citric acid and sodium hypochlorite per SOP. Re-test flux after cleaning.,0,0,0,2,1,False,UF-02,,,,clean|test,pending,
7180,20154902,TK-034,TK-034,PM,PM03,"Storage Tank Tk-05 Api 653 Internal Inspection. Floor, Shell And Roof Condition Assessment.",Drain and gas free tank. Internal inspection per API 653. Measure floor plate thickness using UT. Inspect shell for corrosion. Check annular plates. Write inspection report.,"Storage Tank Tk-05 Api 653 Internal Inspection. Floor, Shell And Roof Condition Assessment. Drain and gas free tank. Internal inspection per API 653. Measure floor plate thickness using UT. Inspect shell for corrosion. Check annular plates. Write inspection report.",0,0,0,2,0,False,,,,,inspect|test,pending,
7791,20709666,GB-137,GB-137,PM,PM01,Gearbox GB-03 six-monthly oil sample analysis and external inspection.,Take oil sample for laboratory analysis. Inspect for external leaks. Check oil level. Inspect coupling for wear. Document condition. Oil analysis report to maintenance planner.,Gearbox GB-03 six-monthly oil sample analysis and external inspection. Take oil sample for laboratory analysis. Inspect for external leaks. Check oil level. Inspect coupling for wear. Document condition. Oil analysis report to maintenance planner.,1,0,2,2,1,False,GB-03,coupling|gearbox,gearbox,,inspect|test,pending,
8439,20198427,CV-039,CV-039,CM,CM03,Belt Conveyor CV-02 belt mistracking causing spillage and belt edge damage.,Adjust tail pulley tracking screws to correct belt alignment. Inspect all return rollers for seized bearings causing mistrack. Replace seized rollers. Monitor belt tracking for 2 hours.,Belt Conveyor CV-02 belt mistracking causing spillage and belt edge damage. Adjust tail pulley tracking screws to correct belt alignment. Inspect all return rollers for seized bearings causing mistrack. Replace seized rollers. Monitor belt tracking for 2 hours.,1,0,3,5,1,False,CV-02,bearing|belt|conveyor,conveyor,,adjust|align|inspect|monitor|replace,pending,
8908,20675137,P-729,P-729,PDM,PDM1,Centrifugal Pump P-601 vibration trending upward over 30 days. Broadband velocity 44.3 mm/s. Bearing defect frequency identified in spectrum.,Vibration analysis confirms bearing fault. Replace drive end bearing proactively. Re-baseline vibration signature after repair.,Centrifugal Pump P-601 vibration trending upward over 30 days. Broadband velocity 44.3 mm/s. Bearing defect frequency identified in spectrum. Vibration analysis confirms bearing fault. Replace drive end bearing proactively. Re-baseline vibration signature after repair.,1,0,2,2,1,False,P-601,bearing|pump,centrifugal_pump,,repair|replace,pending,
9123,20040328,AG-010,AG-010,CM,CM02,Agitator AG-03 mechanical seal failure. Product leakage at shaft gland area.,Isolate vessel. Remove agitator shaft. Replace mechanical seal complete assembly. Inspect shaft for scoring. Reinstall. Pressure test seal chamber. Monitor seal flush post start.,Agitator AG-03 mechanical seal failure. Product leakage at shaft gland area. Isolate vessel. Remove agitator shaft. Replace mechanical seal complete assembly. Inspect shaft for scoring. Reinstall. Pressure test seal chamber. Monitor seal flush post start.,0,1,2,5,1,False,AG-03,seal|shaft,,leak,inspect|isolate|monitor|replace|test,pending,
9783,20243019,P-149,P-149,CM,CM02,Centrifugal Pump P-103 motor overload trip. Overcurrent detected phase A 194.1 A above FLC.,Megger test motor windings. Check VFD parameters. Inspect terminal connections for heat damage. Replace overload relay if tripped beyond reset.,Centrifugal Pump P-103 motor overload trip. Overcurrent detected phase A 194.1 A above FLC. Megger test motor windings. Check VFD parameters. Inspect terminal connections for heat damage. Replace overload relay if tripped beyond reset.,2,1,2,4,1,False,P-103,motor|pump,centrifugal_pump|motor,trip,inspect|replace|reset|test,pending,
10050,20001856,TK-02,TK-02,CM,CM02,Storage Tank TK-02 outlet valve passing. Confirmed by downstream flow with valve closed.,Isolate valve. Disassemble. Inspect seat and ball/gate for erosion. Lap seat if minor damage. Replace valve internals if worn beyond tolerance.,Storage Tank TK-02 outlet valve passing. Confirmed by downstream flow with valve closed. Isolate valve. Disassemble. Inspect seat and ball/gate for erosion. Lap seat if minor damage. Replace valve internals if worn beyond tolerance.,1,0,1,3,1,True,TK-02,valve,valve,,inspect|isolate|replace,pending,
12830,20731060,CT-140,CT-140,PM,PM01,Cooling Tower CT-02 annual basin cleaning and fill packing inspection.,Drain basin. Clean and disinfect with chlorine solution. Inspect fill packing condition. Replace damaged packing sections. Check drift eliminators. Treat and refill. Legionella risk assessment update.,Cooling Tower CT-02 annual basin cleaning and fill packing inspection. Drain basin. Clean and disinfect with chlorine solution. Inspect fill packing condition. Replace damaged packing sections. Check drift eliminators. Treat and refill. Legionella risk assessment update.,0,0,0,4,1,False,CT-02,,,,clean|inspect|replace|test,pending,
13338,20622314,P-320,P-320,PM,PM02,"Centrifugal Pump P-202 annual overhaul. Full disassembly, wear measurement, impeller and seal replacement.","Full pump disassembly. Measure all wear components against tolerances. Replace impeller, wear rings, bearings and mechanical seal. Reassemble, align, and performance test.","Centrifugal Pump P-202 annual overhaul. Full disassembly, wear measurement, impeller and seal replacement. Full pump disassembly. Measure all wear components against tolerances. Replace impeller, wear rings, bearings and mechanical seal. Reassemble, align, and performance test.",1,1,4,3,1,False,P-202,bearing|impeller|pump|seal,centrifugal_pump,wear,align|replace|test,pending,
13476,20418670,HX-180,HX-180,PM,PM03,Heat Exchanger HX-101 six-monthly fouling inspection based on duty criticality.,Measure differential pressure and calculate fouling factor. If above threshold clean tube bundle. Inspect sacrificial anodes. Document condition in RBI record.,Heat Exchanger HX-101 six-monthly fouling inspection based on duty criticality. Measure differential pressure and calculate fouling factor. If above threshold clean tube bundle. Inspect sacrificial anodes. Document condition in RBI record.,0,0,0,2,1,False,HX-101,,,,clean|inspect,pending,
13597,ROW_013597,K-021,K-021,CM,CM01,Compressor K-01 high vibration trip. NDE bearing vibration 253.0 mm/s peak.,Replace NDE bearing. Check shaft alignment. Inspect labyrinth seals. Rebalance rotor if indicated. Run up on no-load and verify vibration levels.,Compressor K-01 high vibration trip. NDE bearing vibration 253.0 mm/s peak. Replace NDE bearing. Check shaft alignment. Inspect labyrinth seals. Rebalance rotor if indicated. Run up on no-load and verify vibration levels.,1,2,4,4,1,False,K-01,bearing|compressor|seal|shaft,compressor,high_vibration|trip,align|inspect|replace|test,pending,
14258,20695290,SC-132,SC-132,CM,CM03,Screw Conveyor SC-01 blocked. Motor overload trip. Material compaction in trough.,Isolate and lockout. Access clean out ports to clear material compaction. Check for foreign material in product. Inspect screw for damage. Verify material properties within design spec.,Screw Conveyor SC-01 blocked. Motor overload trip. Material compaction in trough. Isolate and lockout. Access clean out ports to clear material compaction. Check for foreign material in product. Inspect screw for damage. Verify material properties within design spec.,2,2,2,4,1,False,SC-01,conveyor|motor,motor|screw_conveyor,blockage|trip,clean|inspect|isolate|test,pending,
15244,20112264,R-122,R-122,CM,CM02,Reactor R-101 pH probe AT failure. Reading frozen at 200.2 pH. Batch on hold.,Remove pH probe. Clean and bench calibrate using pH 4 and 7 buffer solutions. Replace if drifted beyond calibration tolerance. Reinstall and verify loop.,Reactor R-101 pH probe AT failure. Reading frozen at 200.2 pH. Batch on hold. Remove pH probe. Clean and bench calibrate using pH 4 and 7 buffer solutions. Replace if drifted beyond calibration tolerance. Reinstall and verify loop.,0,0,0,3,1,False,R-101,,,,calibrate|clean|replace,pending,
15720,20759039,P-247,P-247,CM,CM02,centrifugal pump p-103 motor overload trip. overcurrent detected phase a 194.1 a above flc.,Megger test motor windings. Check VFD parameters. Inspect terminal connections for heat damage. Replace overload relay if tripped beyond reset.,centrifugal pump p-103 motor overload trip. overcurrent detected phase a 194.1 a above flc. Megger test motor windings. Check VFD parameters. Inspect terminal connections for heat damage. Replace overload relay if tripped beyond reset.,2,1,2,4,0,False,,motor|pump,centrifugal_pump|motor,trip,inspect|replace|reset|test,pending,
15902,20022164,HX-005,HX-005,PM,,"Heat Exchanger HX-01 annual inspection. Tube bundle inspection, gasket replacement and pressure test.",Drain and open channel head. Inspect tube sheet and tubes using boroscope. Replace gaskets on both heads. Hydraulic pressure test. Reinstate and commission.,"Heat Exchanger HX-01 annual inspection. Tube bundle inspection, gasket replacement and pressure test. Drain and open channel head. Inspect tube sheet and tubes using boroscope. Replace gaskets on both heads. Hydraulic pressure test. Reinstate and commission.",0,0,0,3,1,False,HX-01,,,,inspect|replace|test,pending,
16345,20680946,HX-330,HX-330,PM,PM01,"Heat Exchanger HX-201 annual inspection. Tube bundle inspection, gasket replacement and pressure test.",Drаin and oрen channel hеаd. Inspect tubе sheet and tubеs using boroscope. Replаcе gaskets οn both heads. Hydraulic pressure tеst. Reinstаtе and commissiοn.,"Heat Exchanger HX-201 annual inspection. Tube bundle inspection, gasket replacement and pressure test. Drаin and oрen channel hеаd. Inspect tubе sheet and tubеs using boroscope. Replаcе gaskets οn both heads. Hydraulic pressure tеst. Reinstаtе and commissiοn.",0,0,0,1,1,False,HX-201,,,,inspect,pending,
17565,20679212,DP-129,DP-129,CM,CM02,Diaphragm Pump DP-01 diaphragm rupture. Process fluid detected in air exhaust.,Isolate pump. Drain product side. Replace both diaphragms as a set. Inspect valve balls and seats. Reassemble. Test at low pressure before full service. Monitor exhaust for leakage.,Diaphragm Pump DP-01 diaphragm rupture. Process fluid detected in air exhaust. Isolate pump. Drain product side. Replace both diaphragms as a set. Inspect valve balls and seats. Reassemble. Test at low pressure before full service. Monitor exhaust for leakage.,1,0,2,5,1,False,DP-01,pump|valve,pump,,inspect|isolate|monitor|replace|test,pending,
17687,20143085,,-P428,PDM,PDM2,Centrifugal Pump P-401 vibration trending upward over 30 days. Broadband velocity 153.4 mm/s. Bearing defect frequency identified in spectrum.,Vibration analysis confirms bearing fault. Replace drive end bearing proactively. Re-baseline vibration signature after repair.,Centrifugal Pump P-401 vibration trending upward over 30 days. Broadband velocity 153.4 mm/s. Bearing defect frequency identified in spectrum. Vibration analysis confirms bearing fault. Replace drive end bearing proactively. Re-baseline vibration signature after repair.,1,0,2,2,1,False,P-401,bearing|pump,centrifugal_pump,,repair|replace,pending,
19021,20705356,RLP-135,RLP-135,,CM03,Rotary Lobe Pump RLP-02 seal failure. Product leakage at front seal.,Drain pump. Remove front cover. Replace mechanical seal complete assembly. Inspect rotor faces and housing bore for scoring. Reassemble. Pressure test before returning to service.,Rotary Lobe Pump RLP-02 seal failure. Product leakage at front seal. Drain pump. Remove front cover. Replace mechanical seal complete assembly. Inspect rotor faces and housing bore for scoring. Reassemble. Pressure test before returning to service.,1,1,2,3,1,False,RLP-02,pump|seal,pump,leak,inspect|replace|test,pending,
19119,20238928,HX-346,HX-346,CM,CM01,Heat Exchanger HX-301 tube leak detected. Cross contamination confirmed by conductivity rise on shell side.,Pressure test tube bundle with nitrogen. Identify leaking tubes. Plug failed tubes or replace bundle. Hydrotest at 1.5x design pressure. Update mechanical integrity record.,Heat Exchanger HX-301 tube leak detected. Cross contamination confirmed by conductivity rise on shell side. Pressure test tube bundle with nitrogen. Identify leaking tubes. Plug failed tubes or replace bundle. Hydrotest at 1.5x design pressure. Update mechanical integrity record.,0,1,0,2,1,False,HX-301,,,leak,replace|test,pending,
19180,20486207,P-294,P-294,CM,CM01,Centrifugal Pump P-202 low flow alarm active. Flow 289.9 m3/h below minimum process requirement.,Inspect impeller for wear and blockage. Remove any debris. Check wear ring clearance. Trim impeller if required. Verify system curve against pump curve.,Centrifugal Pump P-202 low flow alarm active. Flow 289.9 m3/h below minimum process requirement. Inspect impeller for wear and blockage. Remove any debris. Check wear ring clearance. Trim impeller if required. Verify system curve against pump curve.,1,0,2,2,1,False,P-202,impeller|pump,centrifugal_pump,,inspect|test,pending,
19292,20578640,BM-111,BM-111,PM,PM02,Ball Mill BM-02 annual liner replacement and trunnion bearing inspection.,Drain mill. Remove worn liner plates. Install new liners to correct installation sequence. Torque all liner bolts. Inspect trunnion bearings. Refill with grinding media if required.,Ball Mill BM-02 annual liner replacement and trunnion bearing inspection. Drain mill. Remove worn liner plates. Install new liners to correct installation sequence. Torque all liner bolts. Inspect trunnion bearings. Refill with grinding media if required.,0,0,2,2,1,False,BM-02,bearing|liner,,,inspect|install,pending,
19458,20056682,GB-013,GB-013,PM,PM01,Gearbox GB-03 six-monthly oil sample analysis and external inspection.,Take oil sample for laboratory analysis. Inspect for external leaks. Check oil level. Inspect coupling for wear. Document condition. Oil analysis report to maintenance planner.,Gearbox GB-03 six-monthly oil sample analysis and external inspection. Take oil sample for laboratory analysis. Inspect for external leaks. Check oil level. Inspect coupling for wear. Document condition. Oil analysis report to maintenance planner.,1,0,2,2,1,False,GB-03,coupling|gearbox,gearbox,,inspect|test,pending,
20856,20083002,CT-116,CT-116,CM,CM02,Cooling Tower CT-101 high conductivity alarm 199 uS/cm. Blowdown valve failed closed.,Manually open blowdown valve to flush system. Inspect valve actuator and replace if faulty. Verify automatic blowdown control loop functioning. Check water treatment dosing.,Cooling Tower CT-101 high conductivity alarm 199 uS/cm. Blowdown valve failed closed. Manually open blowdown valve to flush system. Inspect valve actuator and replace if faulty. Verify automatic blowdown control loop functioning. Check water treatment dosing.,1,0,1,3,1,False,CT-101,valve,valve,,inspect|replace|test,pending,
21078,20371375,R-072,R-072,PM,PM03,Reactor R-02 quarterly agitator mechanical seal and gearbox oil service.,Drain gearbox. Replace oil with approved grade. Inspect mechanical seal faces for wear. Replace seal if face wear ecxeeds tolerance. Check impeller clearance.,Reactor R-02 quarterly agitator mechanical seal and gearbox oil service. Drain gearbox. Replace oil with approved grade. Inspect mechanical seal faces for wear. Replace seal if face wear ecxeeds tolerance. Check impeller clearance.,1,0,3,3,1,False,R-02,gearbox|impeller|seal,gearbox,,inspect|replace|test,pending,
21933,20153831,P-630,P-630,PM,PM03,"Centrifugal Pump P-601 six-monthly planned maintenance. Bearing inspection, mechanical seal check and coupling alignment verification.",Inspect bearing condition and clearances. Replenish grease per lubrication schedule Mobil SHC 220. Check coupling alignment. Verify seal flush flow rate. Update maintenance record.,"Centrifugal Pump P-601 six-monthly planned maintenance. Bearing inspection, mechanical seal check and coupling alignment verification. Inspect bearing condition and clearances. Replenish grease per lubrication schedule Mobil SHC 220. Check coupling alignment. Verify seal flush flow rate. Update maintenance record.",1,0,4,4,1,False,P-601,bearing|coupling|pump|seal,centrifugal_pump,,align|inspect|lubricate|test,pending,
22343,20493173,BLR-095,BLR-095,CM,CM03,Boiler BLR-02 feedwater pump failure. Loss of boiler feed. Emergency shutdown initiated.,Start standby feedwater pump. Investigate duty pump failure. Replace mechanical seal and bearings on duty pump. Test duty pump before returning to service.,Boiler BLR-02 feedwater pump failure. Loss of boiler feed. Emergency shutdown initiated. Start standby feedwater pump. Investigate duty pump failure. Replace mechanical seal and bearings on duty pump. Test duty pump before returning to service.,1,0,3,2,1,False,BLR-02,bearing|pump|seal,pump,,replace|test,pending,
22574,20665978,BLR-127,BLR-127,PM,PM02,Boiler BLR-01 six-monthly burner service and combustion efficiency test.,Service burner. Clean fuel nozzles. Check igniter electrode gap. Calibrate combustion analyser. Run combustion efficiency test. Adjust air-fuel ratio for optimum efficiency.,Boiler BLR-01 six-monthly burner service and combustion efficiency test. Service burner. Clean fuel nozzles. Check igniter electrode gap. Calibrate combustion analyser. Run combustion efficiency test. Adjust air-fuel ratio for optimum efficiency.,0,0,0,4,1,False,BLR-01,,,,adjust|calibrate|clean|test,pending,
23316,20264420,P-153,P-153,CM,CM01,Centrifugal Pump P-103 bearing temperature high alarm drive end. Temperature 145 degC above baseline.,Remove bearing housing end cover. Measure bearing clearance. Replace worn bearing. Re-grease per lubrication schedule. Monitor temperature for 2 hours post start.,Centrifugal Pump P-103 bearing temperature high alarm drive end. Temperature 145 degC above baseline. Remove bearing housing end cover. Measure bearing clearance. Replace worn bearing. Re-grease per lubrication schedule. Monitor temperature for 2 hours post start.,1,0,2,3,1,False,P-103,bearing|pump,centrifugal_pump,,lubricate|monitor|replace,pending,
23994,ROW_023994,,DP1-11,CM,CM02,Diaphragm Pump DP-01 pump stalled. Air inlet valve frozen open. No stroke detected.,Disassemble air distribution valve. Clean or replace frozen valve spool. Check air supply quality for moisture and contamination. Install air line filter-regulator-lubricator if not present.,Diaphragm Pump DP-01 pump stalled. Air inlet valve frozen open. No stroke detected. Disassemble air distribution valve. Clean or replace frozen valve spool. Check air supply quality for moisture and contamination. Install air line filter-regulator-lubricator if not present.,2,0,3,4,1,False,DP-01,filter|pump|valve,pump|valve,,clean|install|replace|test,pending,
24146,20488210,EV-094,EV-094,PM,PM02,Evaporator EV-02 six-monthly vacuum pump service and oil change.,Drain vacuum pump oil. Inspect pump internals for wear. Replace shaft seal. Refill with correct oil grade. Run up and verify vacuum level achieved.,Evaporator EV-02 six-monthly vacuum pump service and oil change. Drain vacuum pump oil. Inspect pump internals for wear. Replace shaft seal. Refill with correct oil grade. Run up and verify vacuum level achieved.,1,0,3,2,1,False,EV-02,pump|seal|shaft,pump,,inspect|replace,pending,
24318,20328589,P-563,P-563,CM,CM03,Centrifugal Pump P-501 high vibration alarm on drive end bearing. Amplitude 177.7 mm/s RMS exceeding trip setpoint.,"Isolate pump, drain casing, disassemble bearing housing. Replace drive end bearing 22316E. Realign coupling to within 0.05mm TIR. Functional test at duty point.","Centrifugal Pump P-501 high vibration alarm on drive end bearing. Amplitude 177.7 mm/s RMS exceeding trip setpoint. Isolate pump, drain casing, disassemble bearing housing. Replace drive end bearing 22316E. Realign coupling to within 0.05mm TIR. Functional test at duty point.",1,2,3,3,1,False,P-501,bearing|coupling|pump,centrifugal_pump,high_vibration|trip,isolate|replace|test,pending,
24424,20073141,GT-015,GT-015,CM,CM01,Gas Turbine GT-02 flame out on start. Igniter fault suspected.,Inspect igniter plugs for erosion. Replace igniter. Check fuel supply isolation valve and fuel manifold pressure. Verify flame detector signal. Attempt controlled restart per procedure.,Gas Turbine GT-02 flame out on start. Igniter fault suspected. Inspect igniter plugs for erosion. Replace igniter. Check fuel supply isolation valve and fuel manifold pressure. Verify flame detector signal. Attempt controlled restart per procedure.,0,0,1,4,1,False,GT-02,valve,,,inspect|isolate|replace|test,pending,
28079,20562777,HV-307,HV-307,CM,CM03,HVAC Unit HV-201 HEPA filter differential pressure high-high alarm. DP 41 Pa. Cleanroom qualification at risk.,Isolate HVAC unit. Replace HEPA filter cassette. Seal integrity test with particle counter. Verify room pressure recovery. Document in GxP qualification record.,HVAC Unit HV-201 HEPA filter differential pressure high-high alarm. DP 41 Pa. Cleanroom qualification at risk. Isolate HVAC unit. Replace HEPA filter cassette. Seal integrity test with particle counter. Verify room pressure recovery. Document in GxP qualification record.,0,0,2,3,1,False,HV-201,filter|seal,,,isolate|replace|test,pending,
28125,20628624,R-320,R-320,PM,PM02,Reactor R-201 quarterly agitator mechanical seal and gearbox oil service.,Drain gearbox. Replace oil with approved grade. Inspect mechanical seal faces for wear. Replace seal if face wear exceeds tolerance. Check impeller clearance.,Reactor R-201 quarterly agitator mechanical seal and gearbox oil service. Drain gearbox. Replace oil with approved grade. Inspect mechanical seal faces for wear. Replace seal if face wear exceeds tolerance. Check impeller clearance.,1,0,3,3,1,False,R-201,gearbox|impeller|seal,gearbox,,inspect|replace|test,pending,
28176,20302043,P-658,P-658,CM,CM01,Centrifugal Pump P-601 low flow alarm active. Flow 289.0 m3/h below minimum process requirement.,Inspect impeller for wear and blockage. Remove any debris. Check wear ring clearance. Trim impeller if required. Verify system curve against pump curve.,Centrifugal Pump P-601 low flow alarm active. Flow 289.0 m3/h below minimum process requirement. Inspect impeller for wear and blockage. Remove any debris. Check wear ring clearance. Trim impeller if required. Verify system curve against pump curve.,1,0,2,2,1,False,P-601,impeller|pump,centrifugal_pump,,inspect|test,pending,
28710,20028480,BLR-106,BLR-106,CM,CM02,Boiler BLR-101 safety valve lifting at 101.6 bar below set pressure. Seat leakage suspected.,"Isolate safety valve. Remove and send to certified workshop for testing, reconditioning and recertification. Fit inspected spare valve. Update safety valve register.","Boiler BLR-101 safety valve lifting at 101.6 bar below set pressure. Seat leakage suspected. Isolate safety valve. Remove and send to certified workshop for testing, reconditioning and recertification. Fit inspected spare valve. Update safety valve register.",1,1,1,3,1,False,BLR-101,valve,valve,leak,inspect|isolate|test,pending,
29034,20199998,RLP-039,RLP-039,PM,PM02,Rotary Lobe Pump RLP-02 annual overhaul including rotor and seal replacement.,Fulll disassembly. Replace rotors if worn beyond tolerance. Replace all seals and O-rings. Replace timing gears if backlash excessive. Reassemble and performance test.,Rotary Lobe Pump RLP-02 annual overhaul including rotor and seal replacement. Fulll disassembly. Replace rotors if worn beyond tolerance. Replace all seals and O-rings. Replace timing gears if backlash excessive. Reassemble and performance test.,1,0,2,2,1,False,RLP-02,pump|seal,pump,,replace|test,pending,
29585,20304031,M-058,M-058,PM,PM01,Motor M-01 annual motor inspection including terminal box and cooling fan check.,Inspect terminal box for moisture ingress and loose connections. Clean cooling fins and fan guard. Check mounting bolts. Verify earthing continuity. Test run and measure current balance.,Motor M-01 annual motor inspection including terminal box and cooling fan check. Inspect terminal box for moisture ingress and loose connections. Clean cooling fins and fan guard. Check mounting bolts. Verify earthing continuity. Test run and measure current balance.,2,0,2,3,1,False,M-01,fan|motor,fan|motor,,clean|inspect|test,pending,
30055,20749522,K-145,K-145,CM,CM02,Compressor K-03 high vibration trip. NDE bearing vibration 21.9 mm/s peak.,Rеplace NDE bеaring. Chеck shaft аlignmеnt. Insрeсt labyrinth seals. Rebalance rοtοr if indicаtеd. Run up οn no-lοad аnd verify vibration levels.,Compressor K-03 high vibration trip. NDE bearing vibration 21.9 mm/s peak. Rеplace NDE bеaring. Chеck shaft аlignmеnt. Insрeсt labyrinth seals. Rebalance rοtοr if indicаtеd. Run up οn no-lοad аnd verify vibration levels.,1,2,4,0,1,False,K-03,bearing|compressor|seal|shaft,compressor,high_vibration|trip,,pending,
30058,20540995,M-110,M-110,PM,PM03,Motor M-08 six-monthly insulation resistance test and bearing grease replenishment.,IR test all three phases and record. Grease drive end and non-drive end bearings per lubrication schedule. Check terminal connections for heat damage. Document results.,Motor M-08 six-monthly insulation resistance test and bearing grease replenishment. IR test all three phases and record. Grease drive end and non-drive end bearings per lubrication schedule. Check terminal connections for heat damage. Document results.,1,0,2,2,1,False,M-08,bearing|motor,motor,,lubricate|test,pending,
30693,20693353,CV-134,CV-134,PM,PM02,"Belt Conveyor CV-03 quarterly roller, belt and structure inspection.",Walk full conveyor length. Inspect belt condition and splices. Replace damaged or seized idler rollers. Check belt tension. Lubricate all grease points. Test emergency pull cord.,"Belt Conveyor CV-03 quarterly roller, belt and structure inspection. Walk full conveyor length. Inspect belt condition and splices. Replace damaged or seized idler rollers. Check belt tension. Lubricate all grease points. Test emergency pull cord.",1,0,2,4,1,False,CV-03,belt|conveyor,conveyor,,inspect|lubricate|replace|test,pending,
31179,20734328,R-142,R-142,CM,CM01,Reactor R-03 jacket leak confirmed. Pressure decay test failed on zone 101 at 13.8 bar.,Identify leak location on jacket weld seam using nitrogen pressure test. Weld repair by certified welder. Post weld heat treat if required. Retest at 1.5x design pressure.,Reactor R-03 jacket leak confirmed. Pressure decay test failed on zone 101 at 13.8 bar. Identify leak location on jacket weld seam using nitrogen pressure test. Weld repair by certified welder. Post weld heat treat if required. Retest at 1.5x design pressure.,0,1,0,2,1,False,R-03,,,leak,repair|test,pending,
31587,20409678,CV-178,CV-178,CM,CM01,Belt Conveyor CV-101 belt mistracking causing spillage and belt edge damage.,Adjust tail pulley tracking screws to correct belt alignment. Inspect all return rollers for seized bearings causing mistrack. Replace seized rollers. Monitor belt tracking for 2 hours.,Belt Conveyor CV-101 belt mistracking causing spillage and belt edge damage. Adjust tail pulley tracking screws to correct belt alignment. Inspect all return rollers for seized bearings causing mistrack. Replace seized rollers. Monitor belt tracking for 2 hours.,1,0,3,5,1,False,CV-101,bearing|belt|conveyor,conveyor,,adjust|align|inspect|monitor|replace,pending,
31622,20145488,CV-028,CV-028,PM,PM01,,Walk full conveyor length. Inspect belt condition and splices. Replace damaged or seized idler rollers. Check belt tension. Lubricate all grease points. Test emergency pull cord.,Walk full conveyor length. Inspect belt condition and splices. Replace damaged or seized idler rollers. Check belt tension. Lubricate all grease points. Test emergency pull cord.,0,0,2,4,0,False,,belt|conveyor,,,inspect|lubricate|replace|test,pending,
31721,20060261,TK-014,TK-014,CM,CM01,Storage Tank TK-03 outlet valve passing. Confirmed by downstream flow with valve closed.,Isolate valve. Disassemble. Inspect seat and ball/gate for erosion. Lap seat if minor damage. Replace valve internals if worn beyond tolerance.,Storage Tank TK-03 outlet valve passing. Confirmed by downstream flow with valve closed. Isolate valve. Disassemble. Inspect seat and ball/gate for erosion. Lap seat if minor damage. Replace valve internals if worn beyond tolerance.,1,0,1,3,1,False,TK-03,valve,valve,,inspect|isolate|replace,pending,
32116,20332256,TRB-064,TRB-064,CM,CM03,Steam Turbine TRB-02 lube oil low pressure alarm. Oil pump suction strainer blocked.,Clean oil pump suction strainer. Check oil pump relief valve setting. Inspect main oil pump for wear. Flush lubrication system. Verify pressure at all bearing oil supply points.,Steam Turbine TRB-02 lube oil low pressure alarm. Oil pump suction strainer blocked. Clean oil pump suction strainer. Check oil pump relief valve setting. Inspect main oil pump for wear. Flush lubrication system. Verify pressure at all bearing oil supply points.,1,2,3,4,1,False,TRB-02,bearing|pump|valve,pump,blockage|pressure_loss,clean|inspect|lubricate|test,pending,
32793,20412548,P-579,P-579,PDM,PDM2,Centrifugal Pump P-501 motor current increasing trend. Current draw 131.2 A versus baseline 1.8 A. Possible internal wear.,Inspect impeller and wear rings for erosion. Measure internal clearances. Replace worn components. Re-test performance at duty conditions.,Centrifugal Pump P-501 motor current increasing trend. Current draw 131.2 A versus baseline 1.8 A. Possible internal wear. Inspect impeller and wear rings for erosion. Measure internal clearances. Replace worn components. Re-test performance at duty conditions.,2,1,3,3,1,False,P-501,impeller|motor|pump,centrifugal_pump|motor,wear,inspect|replace|test,pending,
33162,20211679,P-341,P-341,CM,CM03,Centrifugal Pump P-301 mechanical seal failure. Product leakage observed at gland area estimated 11.8 L/h.,"Replace complete mechanical seal cartridge. Flush seal chamber, pressure test at 7.0 bar. Return to service and monitor seal flush flow.","Centrifugal Pump P-301 mechanical seal failure. Product leakage observed at gland area estimated 11.8 L/h. Replace complete mechanical seal cartridge. Flush seal chamber, pressure test at 7.0 bar. Return to service and monitor seal flush flow.",1,1,2,3,1,False,P-301,pump|seal,centrifugal_pump,leak,monitor|replace|test,pending,
34224,20464771,P-390,P-390,CM,CM01,Centrifugal Pump P-302 motor overload trip. Overcurrent detected phase A 289.7 A above FLC.,Megger test motor windings. Check VFD parameters. Inspect terminal connections for heat damage. Replace overload relay if tripped beyond reset.,Centrifugal Pump P-302 motor overload trip. Overcurrent detected phase A 289.7 A above FLC. Megger test motor windings. Check VFD parameters. Inspect terminal connections for heat damage. Replace overload relay if tripped beyond reset.,2,1,2,4,1,False,P-302,motor|pump,centrifugal_pump|motor,trip,inspect|replace|reset|test,pending,
36621,20023322,CF-006,CF-006,PM,PM03,Centrifuge CF-02 annual full overhaul including spindle bearing replacement.,"Full disassembly. Replace spindle bearings. Inspect basket for fatigue cracks. Replace all seals. Reassemble, balance basket, and perform no-load and loaded test run.","Centrifuge CF-02 annual full overhaul including spindle bearing replacement. Full disassembly. Replace spindle bearings. Inspect basket for fatigue cracks. Replace all seals. Reassemble, balance basket, and perform no-load and loaded test run.",0,0,2,3,1,False,CF-02,bearing|seal,,,inspect|replace|test,pending,
36875,20407350,P-578,P-578,CM,CM03,Centrifugal Pump P-501 high vibration alarm on drive end bearing. Amplitude 177.7 mm/s RMS exceeding trip setpoint.,"Isolate pump, drain casing, disassemble bearing housing. Replace drive end bearing 22316E. Realign coupling to within 0.05mm TIR. Functional test at duty point.","Centrifugal Pump P-501 high vibration alarm on drive end bearing. Amplitude 177.7 mm/s RMS exceeding trip setpoint. Isolate pump, drain casing, disassemble bearing housing. Replace drive end bearing 22316E. Realign coupling to within 0.05mm TIR. Functional test at duty point.",1,2,3,3,1,False,P-501,bearing|coupling|pump,centrifugal_pump,high_vibration|trip,isolate|replace|test,pending,
37500,20240726,AG-046,AG-046,PM,PM02,Agitator AG-01 six-monthly gearbox oil change and seal inspection.,Drain gearbox oil. Replace with approved grade. Inspect mechanical seal faces. Replace if worn. Check shaft coupling alignment. Document in lubrication record.,Agitator AG-01 six-monthly gearbox oil change and seal inspection. Drain gearbox oil. Replace with approved grade. Inspect mechanical seal faces. Replace if worn. Check shaft coupling alignment. Document in lubrication record.,1,0,4,5,1,False,AG-01,coupling|gearbox|seal|shaft,gearbox,,align|inspect|lubricate|replace|test,pending,
37906,20163309,RLP-032,RLP-032,,CM01,Rotary Lobe Pump RLP-02 lobe contact noise. Timing gear wear suspected. Pressure pulsation elevated.,Isolate pump. Drain product. Inspect timing gears for backlash and tooth wear. Replace timing gear set if worn beyond tolerance. Realign rotor timing. Test for contact noise.,Rotary Lobe Pump RLP-02 lobe contact noise. Timing gear wear suspected. Pressure pulsation elevated. Isolate pump. Drain product. Inspect timing gears for backlash and tooth wear. Replace timing gear set if worn beyond tolerance. Realign rotor timing. Test for contact noise.,1,1,1,4,1,False,RLP-02,pump,pump,wear,inspect|isolate|replace|test,pending,
38441,20474459,RLP-190,RLP-190,CM,CM03,Rotary Lobe Pump RLP-101 lobe contact noise. Timing gear wear suspected. Pressure pulsation elevated.,Isolate pump. Drain product. Inspect timing gears for backlash and tooth wear. Replace timing gear set if worn beyond tolerance. Realign rotor timing. Test for contact noise.,Rotary Lobe Pump RLP-101 lobe contact noise. Timing gear wear suspected. Pressure pulsation elevated. Isolate pump. Drain product. Inspect timing gears for backlash and tooth wear. Replace timing gear set if worn beyond tolerance. Realign rotor timing. Test for contact noise.,1,1,1,4,1,False,RLP-101,pump,pump,wear,inspect|isolate|replace|test,pending,
39125,20119037,CV-123,CV-123,CM,CM02,Belt Conveyor CV-101 drive pulley lagging worn. Belt slipping under load.,Isolate conveyor. Remove drive pulley lagging. Clean pulley surface. Apply new ceramic lagging using approved adhesive. Cure before return to service. Verify belt tension.,Belt Conveyor CV-101 drive pulley lagging worn. Belt slipping under load. Isolate conveyor. Remove drive pulley lagging. Clean pulley surface. Apply new ceramic lagging using approved adhesive. Cure before return to service. Verify belt tension.,1,1,2,2,1,False,CV-101,belt|conveyor,conveyor,wear,clean|isolate,pending,
39975,20388977,HV-174,HV-174,PM,PM02,HVAC Unit HV-101 six-monthly filter change and coil inspection.,Replace primary and secondary filters. Clean cooling and heating coils. Check condensate drain tray and trap. Inspect ductwork connection flanges. Document filter changes.,HVAC Unit HV-101 six-monthly filter change and coil inspection. Replace primary and secondary filters. Clean cooling and heating coils. Check condensate drain tray and trap. Inspect ductwork connection flanges. Document filter changes.,0,0,1,4,1,False,HV-101,filter,,,clean|inspect|replace|test,pending,
40333,20338033,RLP-164,RLP-164,PM,PM01,"Rotary Lobe Pump RLP-101 six-monthly lobe inspection, gearbox oil change and seal check.",Drain gearbox. Replace oil. Inspect lobes for wear and damage. Check rotor tip clearances against tolerance. Replace front seals as preventive measure. Document lobe condition.,"Rotary Lobe Pump RLP-101 six-monthly lobe inspection, gearbox oil change and seal check. Drain gearbox. Replace oil. Inspect lobes for wear and damage. Check rotor tip clearances against tolerance. Replace front seals as preventive measure. Document lobe condition.",2,0,3,3,1,False,RLP-101,gearbox|pump|seal,gearbox|pump,,inspect|replace|test,pending,
40540,ROW_040540,K-266,K-266,PDM,PDM1,Compressor K-201 lube oil analysis shows elevated iron particles 122 ppm. Bearing wear suspected.,Inspect bearings and journal surfaces. Replace worn bearings. Flush and refill lube oil system. Repeat oil analysis after 200 hours runtime.,Compressor K-201 lube oil analysis shows elevated iron particles 122 ppm. Bearing wear suspected. Inspect bearings and journal surfaces. Replace worn bearings. Flush and refill lube oil system. Repeat oil analysis after 200 hours runtime.,1,1,2,2,1,False,K-201,bearing|compressor,compressor,wear,inspect|replace,pending,
40764,20433232,P-183,P-183,CM,CM01,Centrifugal Pump P-101 high vibration alarm on drive end bearing. Amplitude 203.2 mm/s RMS exceeding trip setpoint.,"Isolate pump, drain casing, disassemble bearing housing. Replace drive end bearing 22316E. Realign coupling to within 0.05mm TIR. Functional test at duty point.","Centrifugal Pump P-101 high vibration alarm on drive end bearing. Amplitude 203.2 mm/s RMS exceeding trip setpoint. Isolate pump, drain casing, disassemble bearing housing. Replace drive end bearing 22316E. Realign coupling to within 0.05mm TIR. Functional test at duty point.",1,2,3,3,1,False,P-101,bearing|coupling|pump,centrifugal_pump,high_vibration|trip,isolate|replace|test,pending,
41250,20350721,TK-069,TK-069,CM,CM02,Storаge Tank TK-03 roοf drаin blockage cаusing water ingress to product.,Clear roof drain blockage. Inspect drain seal condition. Replace corroded drain fitting. Verify drain flow rate post repair.,Storаge Tank TK-03 roοf drаin blockage cаusing water ingress to product. Clear roof drain blockage. Inspect drain seal condition. Replace corroded drain fitting. Verify drain flow rate post repair.,0,1,1,3,1,False,TK-03,seal,,blockage,inspect|repair|replace,pending,
42644,20692845,F-134,F-134,PM,PM01,Filter F-03 scheduled cartridge replacement at 2000 service hours.,Replace filter cartridges at planned interval regardless of differential pressure. Inspect housing internals. Record cartridge condition on removal. Update filter log.,Filter F-03 scheduled cartridge replacement at 2000 service hours. Replace filter cartridges at planned interval regardless of differential pressure. Inspect housing internals. Record cartridge condition on removal. Update filter log.,0,0,1,2,1,False,F-03,filter,,,inspect|replace,pending,
43967,20026236,P-241,P-241,PDM,PDM1,,Vibration analysis confirms bearing fault. Replace drive end bearing proactively. Re-baseline vibration signature after repair.,Vibration analysis confirms bearing fault. Replace drive end bearing proactively. Re-baseline vibration signature after repair.,0,0,1,2,0,False,,bearing,,,repair|replace,pending,
44467,20367829,AG-072,AG-072,,PM02,Agitator AG-03 annual agitator and impeller inspection.,Removе impеllеr. Insрect blades fοr erοsion and corrosiοn. Mеasure blade thicknеss. Rерlасе if bеlow minimum thicknеss. Inspеct shaft bearings. Reаssemble.,Agitator AG-03 annual agitator and impeller inspection. Removе impеllеr. Insрect blades fοr erοsion and corrosiοn. Mеasure blade thicknеss. Rерlасе if bеlow minimum thicknеss. Inspеct shaft bearings. Reаssemble.,0,0,3,0,1,False,AG-03,bearing|impeller|shaft,,,,pending,
44705,20469974,P-290,P-290,CM,CM01,Centrifugal Pump P-201 bearing temperature high alarm drive end. Temperature 262 degC above baseline.,Remove bearing housing end cover. Measure bearing clearance. Replace worn bearing. Re-grease per lubrication schedule. Monitor temperature for 2 hours post start.,Centrifugal Pump P-201 bearing temperature high alarm drive end. Temperature 262 degC above baseline. Remove bearing housing end cover. Measure bearing clearance. Replace worn bearing. Re-grease per lubrication schedule. Monitor temperature for 2 hours post start.,1,0,2,3,1,False,P-201,bearing|pump,centrifugal_pump,,lubricate|monitor|replace,pending,
44894,20429785,TK-085,TK-085,,CM02,Storage Tank TK-04 roof drain blockage causing water ingress to product.,Clear roof drain blockage. Inspect drain seal condition. Replace corroded drain fitting. Verify drain flow rate post repair.,Storage Tank TK-04 roof drain blockage causing water ingress to product. Clear roof drain blockage. Inspect drain seal condition. Replace corroded drain fitting. Verify drain flow rate post repair.,0,1,1,3,1,False,TK-04,seal,,blockage,inspect|repair|replace,pending,
45987,ROW_045987,CF-171,CF-171,CM,CM03,Centrifuge CF-101 basket imbalance vibration trip. Vibration 185.9 mm/s peak. Product batch loss.,Balance basket assembly. Inspect screen for damage and blockage. Remove debris. Perform dynamic balance test. Trial run at 50% then 100% speed. Verify vibration within limits.,Centrifuge CF-101 basket imbalance vibration trip. Vibration 185.9 mm/s peak. Product batch loss. Balance basket assembly. Inspect screen for damage and blockage. Remove debris. Perform dynamic balance test. Trial run at 50% then 100% speed. Verify vibration within limits.,0,1,0,2,1,False,CF-101,,,trip,inspect|test,pending,
46026,20737322,FCC-141,FCC-141,CM,CM01,Fluid Catalytic Cracker FCC-02 standpipe pluggage event. Catalyst circulation lost.,Implement catalyst aeration procedure to restore standpipe flow. Inspect aeration taps for blockage. Clear any aeration line pluggage. Monitor catalyst density profile after recovery.,Fluid Catalytic Cracker FCC-02 standpipe pluggage event. Catalyst circulation lost. Implement catalyst aeration procedure to restore standpipe flow. Inspect aeration taps for blockage. Clear any aeration line pluggage. Monitor catalyst density profile after recovery.,0,0,0,2,1,False,FCC-02,,,,inspect|monitor,pending,
46448,1455931469.3620973,VP-085,VP-085,PM,PM02,Vacuum Pump VP-02 six-monthly oil change and shaft seal replacement.,Drain oil. Replace with approved vacuum pump oil. Replace shaft seal assembly. Check coupling alignment. Run up and verify vacuum level and oil temperature.,Vacuum Pump VP-02 six-monthly oil change and shaft seal replacement. Drain oil. Replace with approved vacuum pump oil. Replace shaft seal assembly. Check coupling alignment. Run up and verify vacuum level and oil temperature.,1,0,4,3,1,False,VP-02,coupling|pump|seal|shaft,pump,,align|replace|test,pending,
47410,20279224,FM-153,FM-153,CM,CM01,Fermentor FM-101 agitator current trending up 12% over 30 days. Impeller fouling or seal wear suspected.,After batch completion inspect agitator shaft seal assembly. Check impeller blade wear and fouling. Measure shaft runout. Replace lip seals. Clean impeller. Re-measure current baseline.,Fermentor FM-101 agitator current trending up 12% over 30 days. Impeller fouling or seal wear suspected. After batch completion inspect agitator shaft seal assembly. Check impeller blade wear and fouling. Measure shaft runout. Replace lip seals. Clean impeller. Re-measure current baseline.,0,1,3,4,1,False,FM-101,impeller|seal|shaft,,wear,clean|inspect|replace|test,pending,
48148,ROW_048148,TK-028,TK-028,PM,PM02,Storage Tank TK-02 annual calibration of all level and temperature instruments.,Calibrate all level transmitters against certified reference. Check temperature sensor accuracy. Verify high level alarm setpoints. Update calibration records.,Storage Tank TK-02 annual calibration of all level and temperature instruments. Calibrate all level transmitters against certified reference. Check temperature sensor accuracy. Verify high level alarm setpoints. Update calibration records.,0,0,1,2,1,False,TK-02,sensor,,,calibrate|test,pending,
48187,20407051,P-279,P-279,PM,PM01,Centrifugal Pump P-202 quarterly lubrication service. Bearing grease replenishment and vibration baseline measurement.,Grease drive end and non-drive end bearings. Measure and record vibration signature. Check motor current at duty point. Inspect coupling spider for wear.,Centrifugal Pump P-202 quarterly lubrication service. Bearing grease replenishment and vibration baseline measurement. Grease drive end and non-drive end bearings. Measure and record vibration signature. Check motor current at duty point. Inspect coupling spider for wear.,1,0,4,3,1,False,P-202,bearing|coupling|motor|pump,centrifugal_pump,,inspect|lubricate|test,pending,
48371,20506835,P-198,P-198,CM,CM03,Centrifugal Pump P-102 bearing temperature high alarm drive end. Temperature 91 degC above baseline.,Remove bearing housing end cover. Measure bearing clearance. Replace worn bearing. Re-grease per lubrication schedule. Monitor temperature for 2 hours post start.,Centrifugal Pump P-102 bearing temperature high alarm drive end. Temperature 91 degC above baseline. Remove bearing housing end cover. Measure bearing clearance. Replace worn bearing. Re-grease per lubrication schedule. Monitor temperature for 2 hours post start.,1,0,2,3,1,False,P-102,bearing|pump,centrifugal_pump,,lubricate|monitor|replace,pending,
48756,1992197093.2752578,DP-113,DP-113,CM,CM02,Diaphragm Pump DP-02 diaphragm rupture. Process fluid detected in air exhaust.,Isolate pump. Drain product side. Replace both diaphragms as a set. Inspect valve balls and seats. Reassemble. Test at low pressure before full service. Monitor exhaust for leakage.,Diaphragm Pump DP-02 diaphragm rupture. Process fluid detected in air exhaust. Isolate pump. Drain product side. Replace both diaphragms as a set. Inspect valve balls and seats. Reassemble. Test at low pressure before full service. Monitor exhaust for leakage.,1,0,2,5,1,False,DP-02,pump|valve,pump,,inspect|isolate|monitor|replace|test,pending,
49391,20021250,P-205,P-205,CM,CM02,Centrifugal Pump P-201 motor overload trip. Overcurrent detected phase A 98.6 A above FLC.,Megger test motor windings. Check VFD parameters. Inspect terminal connections for heat damage. Replace overload relay if tripped beyond reset.,Centrifugal Pump P-201 motor overload trip. Overcurrent detected phase A 98.6 A above FLC. Megger test motor windings. Check VFD parameters. Inspect terminal connections for heat damage. Replace overload relay if tripped beyond reset.,2,1,2,4,1,False,P-201,motor|pump,centrifugal_pump|motor,trip,inspect|replace|reset|test,pending,
49417,20021872,K-006,K-006,CM,CM02,Compressor K-02 low lube oil pressure alarm. Oil pressure 260.70 bar below minimum. Unit tripped.,Drain and inspect lube oil system. Replace oil filter cartridges. Check oil pump relief valve. Refill with appproved oil grade. Run up and verify pressure.,Compressor K-02 low lube oil pressure alarm. Oil pressure 260.70 bar below minimum. Unit tripped. Drain and inspect lube oil system. Replace oil filter cartridges. Check oil pump relief valve. Refill with appproved oil grade. Run up and verify pressure.,1,1,4,3,1,False,K-02,compressor|filter|pump|valve,compressor,trip,inspect|replace|test,pending,
